busid,latitude,longitude,zip,fips
3001001,31.9067,-102.262,79765,48329
3001002,29.888,-104.519,-1,48377
3001003,32.9264,-101.648,79351,48033
3001004,32.9264,-101.648,79351,48033
3001005,32.2075,-101.388,-1,48227
3001006,32.2075,-101.388,-1,48227
3001007,31.0935,-104.625,-1,48109
3001008,30.9315,-102.201,-1,48371
3001009,30.9315,-102.201,-1,48371
3001010,29.6,-104.3,-1,48377
3001011,29.6,-104.3,-1,48377
3001012,30.0281,-101.97,-1,48443
3001013,31.4846,-103.161,-1,48475
3001014,31.1695,-103.085,-1,48371
3001015,30.2853,-104.006,79843,48377
3001016,31.7631,-101.502,79739,48173
3001017,31.7252,-102.414,-1,48135
3001018,31.7992,-102.633,-1,48135
3001019,31.9794,-102.132,79703,48329
3001020,31.9925,-101.117,-1,48431
3001021,31.9925,-101.117,-1,48431
3001022,32.929,-101.579,79738,48033
3001023,32.929,-101.579,79738,48033
3001024,31.9693,-102.631,-1,48135
3001025,32.039,-101.22,-1,48431
3001026,32.039,-101.22,-1,48431
3001027,32.3217,-102.042,-1,48317
3001028,32.8795,-101.247,79517,48033
3001029,31.9924,-102.081,79701,48329
3001030,29.8021,-103.222,-1,48043
3001031,31.005,-103.759,79718,48389
3001032,31.2092,-102.242,-1,48461
3001033,31.2092,-102.242,-1,48461
3001034,31.9914,-101.303,79739,48173
3001035,31.9914,-101.303,79739,48173
3001036,31.1869,-102.596,-1,48371
3001037,31.7992,-102.474,79763,48135
3001038,30.7726,-102.506,-1,48371
3001039,30.7726,-102.506,-1,48371
3001040,32.3357,-102.697,79714,48003
3001041,32.1408,-101.399,79720,48227
3001042,32.1408,-101.399,79720,48227
3001043,32.1408,-101.399,79720,48227
3001044,31.2726,-101.173,-1,48235
3001045,32.0536,-102.202,79706,48329
3001046,30.5756,-101.331,-1,48105
3001047,31.5839,-102.963,-1,48475
3001048,31.5839,-102.963,-1,48475
3001049,31.5839,-102.963,-1,48475
3001050,31.5839,-102.963,-1,48475
3001051,31.5839,-102.963,-1,48475
3001052,31.5839,-102.963,-1,48475
3001053,31.5839,-102.963,-1,48475
3001054,32.4898,-101.754,79713,48317
3001055,32.927,-101.764,-1,48115
3001056,32.2353,-101.837,79782,48317
3001057,32.2353,-101.837,79782,48317
3001058,30.8847,-101.921,-1,48371
3001059,30.8847,-101.921,-1,48371
3001060,30.8847,-101.921,-1,48371
3001061,32.2732,-101.422,79721,48227
3001062,32.2732,-101.422,79721,48227
3001063,32.2732,-101.422,79721,48227
3001064,32.0011,-102.312,79758,48135
3001065,32.1008,-101.451,-1,48227
3001066,32.1008,-101.451,-1,48227
3001067,32.1029,-101.365,79733,48227
3001068,31.5176,-101.918,-1,48461
3001069,30.9178,-102.087,-1,48371
3001070,30.9178,-102.087,-1,48371
3001071,31.8403,-102.326,79761,48135
3001072,31.8403,-102.326,79761,48135
3001073,31.8403,-102.326,79761,48135
3001074,31.8403,-102.326,79761,48135
3001075,31.8403,-102.326,79761,48135
3001076,31.8403,-102.326,79761,48135
3001077,31.8403,-102.326,79761,48135
3001078,31.8403,-102.326,79761,48135
3001079,31.8403,-102.326,79761,48135
3001080,31.8403,-102.326,79761,48135
3001081,31.8403,-102.326,79761,48135
3001082,30.8073,-102.356,-1,48371
3001083,30.7475,-102.791,-1,48371
3001084,31.9361,-101.298,-1,48173
3001085,31.6963,-103.139,-1,48495
3001086,31.8035,-103.6,-1,48301
3001087,30.597,-101.785,-1,48443
3001088,31.1392,-102.225,79752,48461
3001089,32.9296,-102.134,79377,48115
3001090,31.995,-102.828,-1,48495
3001091,33.6587,-101.531,-1,48107
3002001,33.6839,-95.3447,75416,48277
3002002,33.6281,-96.3676,75479,48147
3002003,33.6281,-96.3676,75479,48147
3002004,33.6281,-96.3676,75479,48147
3002005,33.6281,-96.3676,75479,48147
3002006,33.6281,-96.3676,75479,48147
3002007,33.6152,-95.9001,-1,48147
3002008,34.8573,-100.513,-1,48087
3002009,33.9733,-98.7211,76367,48485
3002010,33.8998,-99.7735,-1,48155
3002011,35.2383,-101.311,-1,48065
3002012,35.2383,-101.311,-1,48065
3002013,35.2383,-101.311,-1,48065
3002014,34.4472,-100.81,-1,48191
3002015,33.4716,-97.4452,76239,48097
3002016,33.6276,-96.7674,76268,48181
3002017,35.4275,-101.253,-1,48065
3002018,35.4275,-101.253,-1,48065
3002019,35.4275,-101.253,-1,48065
3002020,33.9438,-98.5231,76306,48485
3002021,33.6968,-95.5577,75460,48277
3002022,33.6968,-95.5577,75460,48277
3002023,33.6968,-95.5577,75460,48277
3002024,33.6968,-95.5577,75460,48277
3002025,33.8645,-98.491,76302,48485
3002026,35.8308,-100.766,-1,48393
3002027,33.4826,-95.3201,75435,48277
3002028,34.0048,-98.3888,-1,48077
3002029,34.4575,-101.287,79257,48045
3002030,33.7083,-96.2407,75476,48147
3002031,33.7107,-100.384,79236,48269
3002032,33.8579,-95.6491,75411,48277
3002033,33.4414,-96.1792,75413,48147
3002034,33.8309,-96.8398,76245,48181
3002035,33.4318,-99.8537,-1,48275
3002036,33.8949,-98.5437,76309,48485
3002037,33.6159,-97.3108,76253,48097
3002038,33.5535,-96.2829,-1,48147
3002039,33.456,-97.7518,-1,48337
3002040,33.6631,-94.9973,-1,48387
3002041,35.386,-101.579,-1,48065
3002042,35.386,-101.579,-1,48065
3002043,33.738,-96.8395,76264,48181
3002044,33.7439,-96.9361,-1,48181
3002045,33.9695,-98.509,76311,48485
3002046,33.8007,-96.726,75076,48181
3002047,33.6236,-96.4279,-1,48181
3002048,33.7745,-100.99,-1,48125
3002049,34.1317,-99.1066,76373,48487
3002050,33.4023,-95.4832,75450,48119
3002051,33.7585,-98.2023,76365,48077
3002052,34.9008,-100.995,-1,48129
3002053,33.5206,-97.9561,-1,48337
3002054,33.9133,-98.4931,76301,48485
3002055,33.9133,-98.4931,76301,48485
3002056,33.9133,-98.4931,76301,48485
3002057,33.9133,-98.4931,76301,48485
3002058,35.4789,-101.244,-1,48065
3002059,35.4789,-101.244,-1,48065
3002060,33.5768,-95.8097,75470,48277
3002061,34.29,-99.3647,76384,48487
3002062,34.29,-99.3647,76384,48487
3002063,33.7708,-96.6041,75020,48181
3002064,33.7452,-95.7443,-1,48277
3002065,33.6616,-97.1763,76240,48097
3002066,33.1831,-100.245,79502,48433
3002067,33.7991,-98.5098,-1,48009
3002068,33.5126,-98.4576,-1,48009
3002069,33.4508,-96.7422,75058,48181
3002070,33.4931,-98.5819,-1,48009
3002071,33.4931,-98.5819,-1,48009
3002072,33.5377,-96.9066,76233,48181
3002073,32.9697,-100.524,-1,48263
3002074,32.9697,-100.524,-1,48263
3002075,32.9697,-100.524,-1,48263
3002076,32.9697,-100.524,-1,48263
3002077,33.733,-97.4284,-1,48097
3002078,33.733,-97.4284,-1,48097
3002079,33.9943,-100.287,-1,48101
3002080,33.7931,-97.9638,-1,48337
3002081,33.6155,-96.0722,75438,48147
3002082,33.8625,-98.5894,76310,48485
3002083,33.8625,-98.5894,76310,48485
3002084,33.8625,-98.5894,76310,48485
3002085,33.8625,-98.5894,76310,48485
3002086,33.6269,-97.6879,76251,48337
3002087,33.3411,-100.715,79518,48263
3002088,33.4953,-98.5,-1,48009
3002089,33.4953,-98.5,-1,48009
3002090,33.4982,-94.8908,-1,48387
3002091,33.6211,-99.2438,76380,48023
3002092,33.7271,-96.4708,75021,48181
3002093,35.3503,-101.54,-1,48065
3002094,35.3503,-101.54,-1,48065
3002095,35.3503,-101.54,-1,48065
3002096,33.6611,-101.39,22357,48107
3002097,33.6611,-101.39,22357,48107
3002098,33.6611,-101.39,22357,48107
3002099,33.6611,-101.39,22357,48107
3002100,33.6611,-101.39,22357,48107
3002101,33.5826,-96.6179,-1,48181
3002102,33.5826,-96.6179,-1,48181
3002103,33.5826,-96.6179,-1,48181
3002104,33.5826,-96.6179,-1,48181
3002105,33.5826,-96.6179,-1,48181
3002106,33.4946,-96.3961,75491,48181
3002107,33.6041,-96.5504,75090,48181
3002108,33.3228,-99.6421,76388,48207
3002109,34.1033,-98.6225,76354,48485
3002110,33.6821,-97.3829,76252,48097
3002111,33.5274,-98.8848,-1,48009
3002112,34.0083,-98.2593,76377,48077
3002113,33.6308,-95.59,75460,48277
3002114,33.6308,-95.59,75460,48277
3002115,33.6308,-95.59,75460,48277
3002116,33.6308,-95.59,75460,48277
3002117,33.6308,-95.59,75460,48277
3002118,33.6308,-95.59,75460,48277
3002119,33.6308,-95.59,75460,48277
3002120,33.6308,-95.59,75460,48277
3002121,33.8019,-95.152,75412,48387
3002122,33.7787,-95.9968,75488,48147
3002123,35.4428,-101.373,-1,48065
3002124,33.4357,-96.5499,75495,48181
3002125,33.4646,-96.8927,76271,48181
3002126,33.458,-97.1286,76272,48097
3002127,35.6539,-100.539,-1,48211
3002128,35.6539,-100.539,-1,48211
3002129,33.4391,-96.3115,75490,48147
3002130,33.1227,-99.6504,-1,48207
3002131,33.1227,-99.6504,-1,48207
3002132,33.1227,-99.6504,-1,48207
3002133,33.7414,-97.5353,-1,48337
3003001,30.0367,-99.163,78028,48265
3003002,30.0367,-99.163,78028,48265
3003003,32.3606,-100.339,-1,48353
3003004,32.3606,-100.339,-1,48353
3003005,29.6445,-99.6825,-1,48385
3003006,32.857,-100.124,-1,48253
3003007,32.4736,-100.033,79536,48441
3003008,31.7369,-99.5678,-1,48083
3003009,30.4414,-100.561,-1,48435
3003010,29.6747,-100.079,78880,48137
3003011,30.6537,-98.9183,-1,48299
3003012,30.4371,-98.7087,78675,48171
3003013,32.3357,-99.6675,-1,48441
3003014,30.6728,-98.4427,78639,48299
3003015,32.4152,-100.574,-1,48353
3003016,32.1981,-100.269,-1,48353
3003017,32.1981,-100.269,-1,48353
3003018,31.0854,-100.679,-1,48413
3003019,31.0854,-100.679,-1,48413
3003020,31.0854,-100.679,-1,48413
3003021,32.8686,-99.6945,79503,48253
3003022,32.3145,-100.918,-1,48335
3003023,32.9409,-99.851,79553,48253
3003024,30.8835,-100.595,76936,48413
3003025,31.1571,-98.764,76877,48411
3003026,32.6256,-99.4928,-1,48417
3003027,32.6256,-99.4928,-1,48417
3003028,32.6256,-99.4928,-1,48417
3003029,31.2572,-98.3767,-1,48281
3003030,31.5097,-100.322,-1,48451
3003031,32.2741,-99.826,79508,48441
3003032,32.3336,-99.9277,-1,48441
3003033,32.7204,-100.995,-1,48415
3003034,32.7204,-100.995,-1,48415
3003035,30.9398,-99.0799,-1,48411
3003036,31.5179,-99.1355,76827,48049
3003037,32.4694,-100.666,79532,48335
3003038,32.4694,-100.666,79532,48335
3003039,32.4694,-100.666,79532,48335
3003040,31.7386,-99.9342,76821,48399
3003041,32.05,-100.692,-1,48081
3003042,32.05,-100.692,-1,48081
3003043,32.05,-100.692,-1,48081
3003044,32.05,-100.692,-1,48081
3003045,32.05,-100.692,-1,48081
3003046,32.3122,-100.53,-1,48353
3003047,32.3122,-100.53,-1,48353
3003048,32.3122,-100.53,-1,48353
3003049,32.7479,-99.9054,79501,48253
3003050,29.8372,-101.212,-1,48465
3003051,29.8372,-101.212,-1,48465
3003052,30.0951,-99.6282,-1,48265
3003053,32.214,-100.057,79562,48441
3003054,32.214,-100.057,79562,48441
3003055,32.214,-100.057,79562,48441
3003056,32.214,-100.057,79562,48441
3003057,32.214,-100.057,79562,48441
3003058,31.9261,-100.928,-1,48431
3003059,31.9261,-100.928,-1,48431
3003060,31.9261,-100.928,-1,48431
3003061,31.9261,-100.928,-1,48431
3003062,31.9261,-100.928,-1,48431
3003063,31.9261,-100.928,-1,48431
3003064,32.2369,-100.483,-1,48353
3003065,32.2369,-100.483,-1,48353
3003066,31.177,-99.6164,-1,48095
3003067,32.4301,-100.236,-1,48353
3003068,32.4301,-100.236,-1,48353
3003069,32.1202,-99.753,-1,48441
3003070,32.2878,-100.1,-1,48441
3003071,32.2878,-100.1,-1,48441
3003072,31.592,-100.193,76861,48399
3003073,29.2347,-100.209,-1,48271
3003074,29.2347,-100.209,-1,48271
3003075,30.8431,-99.5701,76848,48327
3003076,29.3956,-100.44,-1,48271
3003077,32.3628,-99.8173,-1,48441
3003078,32.5886,-100.673,-1,48415
3003079,32.5886,-100.673,-1,48415
3003080,32.5886,-100.673,-1,48415
3003081,32.5886,-100.673,-1,48415
3003082,32.3182,-100.177,-1,48353
3003083,32.3182,-100.177,-1,48353
3003084,32.3182,-100.177,-1,48353
3003085,32.4375,-100.744,79532,48335
3003086,32.4375,-100.744,79532,48335
3003087,32.4375,-100.744,79532,48335
3003088,32.5144,-99.6564,79601,48441
3003089,32.5144,-99.6564,79601,48441
3003090,32.5144,-99.6564,79601,48441
3003091,32.5144,-99.6564,79601,48441
3003092,32.5144,-99.6564,79601,48441
3003093,29.9881,-100.286,78880,48137
3003094,32.3116,-100.062,-1,48441
3003095,32.3116,-100.062,-1,48441
3003096,32.9479,-101.148,79549,48415
3003097,32.9479,-101.148,79549,48415
3003098,32.9479,-101.148,79549,48415
3003099,32.4158,-99.9062,79563,48441
3003100,32.6305,-99.8306,79525,48253
3003101,30.9368,-98.4671,-1,48411
3003102,32.5765,-99.6653,-1,48253
3003103,32.2919,-100.211,79537,48353
3003104,30.7316,-98.3854,78609,48299
3003105,30.7316,-98.3854,78609,48299
3003106,30.7316,-98.3854,78609,48299
3003107,30.1591,-99.345,-1,48265
3003108,31.0882,-98.0107,-1,48281
3003109,32.9254,-101.219,79738,48033
3003110,32.9254,-101.219,79738,48033
3003111,31.9519,-100.791,-1,48081
3003112,31.9519,-100.791,-1,48081
3003113,31.9519,-100.791,-1,48081
3003114,31.2688,-100.564,-1,48451
3003115,32.8918,-100.498,-1,48151
3003116,32.7393,-100.739,79526,48415
3003117,32.7393,-100.739,79526,48415
3003118,32.7393,-100.739,79526,48415
3003119,29.3289,-100.384,78832,48271
3003120,29.3289,-100.384,78832,48271
3003121,32.4969,-100.58,-1,48353
3003122,32.4969,-100.58,-1,48353
3003123,29.151,-100.016,-1,48463
3003124,30.2809,-98.8767,78624,48171
3003125,32.4622,-99.7159,79601,48441
3003126,29.3038,-99.6308,78870,48463
3003127,32.2908,-100.422,79535,48353
3003128,32.4049,-100.711,79532,48335
3003129,32.3983,-100.648,-1,48353
3003130,31.8027,-101.056,-1,48431
3003131,32.3039,-100.022,-1,48441
3003132,31.2228,-99.8962,76837,48095
3003133,32.7471,-100.955,79550,48415
3003134,32.7471,-100.955,79550,48415
3003135,32.7471,-100.955,79550,48415
3003136,32.7471,-100.955,79550,48415
3003137,32.4081,-100.129,-1,48441
3003138,30.8975,-100.107,76841,48327
3003139,31.8585,-100.165,76865,48399
3003140,32.0521,-99.6946,-1,48083
3003141,32.3472,-100.37,-1,48353
3003142,31.2895,-100.153,76955,48451
3003143,31.5153,-99.3806,76873,48083
3003144,31.4115,-99.6823,76762,48095
3003145,32.6649,-100.213,79560,48151
3003146,30.4587,-100.069,76874,48267
3003147,31.1024,-98.2593,-1,48281
3004002,29.3585,-100.777,78843,48465
3004003,26.4504,-98.2769,-1,48215
3004004,27.8335,-99.6855,-1,48479
3004005,27.8335,-99.6855,-1,48479
3004006,27.3651,-98.9967,-1,48479
3004007,26.2158,-98.2396,78501,48215
3004008,29.0798,-98.6423,78065,48013
3004009,27.0702,-97.5077,78385,48261
3004010,27.0702,-97.5077,78385,48261
3004011,27.1004,-98.79,78361,48247
3004012,26.0832,-97.9621,78579,48215
3004013,26.2807,-98.1833,78539,48215
3004014,28.4764,-100.277,-1,48323
3004015,28.4764,-100.277,-1,48323
3004016,28.7909,-98.7176,78011,48013
3004017,27.6271,-97.2692,-1,48355
3004018,28.1871,-97.3823,78393,48391
3004019,26.1488,-97.8311,78559,48061
3004020,27.6579,-97.4798,-1,48355
3004021,26.3745,-97.9803,-1,48215
3004022,28.0417,-99.3992,-1,48479
3004023,28.9417,-98.8513,-1,48163
3004024,28.7044,-98.4775,-1,48013
3004025,28.7044,-98.4775,-1,48013
3004026,28.7044,-98.4775,-1,48013
3004027,26.1623,-98.2487,78503,48215
3004028,28.7128,-97.2142,77960,48175
3004029,28.7128,-97.2142,77960,48175
3004030,28.7128,-97.2142,77960,48175
3004031,27.1282,-99.3308,-1,48505
3004032,27.4442,-97.8656,78364,48273
3004033,27.5138,-99.5021,78040,48479
3004034,26.1112,-98.2417,78557,48215
3004035,27.8382,-97.5963,78410,48355
3004036,28.8887,-99.5627,-1,48507
3004037,28.1216,-97.553,-1,48409
3004038,28.4077,-97.7106,78102,48025
3004039,26.2287,-98.3762,78572,48215
3004040,26.2287,-98.3762,78572,48215
3004041,26.1445,-98.1213,78516,48215
3004042,26.1445,-98.1213,78516,48215
3004043,26.6782,-99.1031,78564,48505
3004044,26.5575,-99.1642,78545,48427
3004045,26.5575,-99.1642,78545,48427
3004046,26.5575,-99.1642,78545,48427
3004047,26.5575,-99.1642,78545,48427
3004048,26.2428,-98.4945,-1,48215
3004049,26.3307,-97.5857,-1,48489
3004050,26.3307,-97.5857,-1,48489
3004051,27.5697,-97.8228,78343,48355
3004052,27.5697,-97.8228,78343,48355
3004053,26.911,-97.7738,78385,48261
3004054,28.2462,-97.6509,78389,48025
3004055,27.8194,-97.3925,78402,48355
3004056,27.8893,-97.2584,78374,48409
3004057,27.8893,-97.2584,78374,48409
3004058,27.8893,-97.2584,78374,48409
3004059,27.8893,-97.2584,78374,48409
3004060,27.8893,-97.2584,78374,48409
3004061,27.8893,-97.2584,78374,48409
3004062,27.8893,-97.2584,78374,48409
3004063,27.8893,-97.2584,78374,48409
3004064,27.8322,-97.5281,78409,48355
3004065,27.8322,-97.5281,78409,48355
3004066,26.1586,-97.9892,78596,48215
3004067,26.2555,-97.6675,78550,48061
3004068,26.3078,-98.0394,78542,48215
3004069,27.7712,-97.5188,-1,48355
3004070,25.9439,-97.3179,-1,48061
3004071,25.9439,-97.3179,-1,48061
3004072,27.768,-97.3991,78404,48355
3004073,26.208,-98.3992,78560,48215
3004074,26.208,-98.3992,78560,48215
3004075,26.208,-98.3992,78560,48215
3004076,26.208,-98.3992,78560,48215
3004077,26.208,-98.3992,78560,48215
3004078,27.7299,-97.3852,78411,48355
3004079,26.3189,-98.3701,78574,48215
3004080,27.6064,-97.3117,78418,48355
3004081,27.6064,-97.3117,78418,48355
3004082,27.6064,-97.3117,78418,48355
3004083,27.6064,-97.3117,78418,48355
3004084,27.6064,-97.3117,78418,48355
3004085,27.6064,-97.3117,78418,48355
3004086,26.2614,-97.489,78583,48061
3004087,27.6952,-97.2694,78419,48355
3004088,26.1497,-98.1897,78577,48215
3004089,26.2697,-97.867,78593,48215
3004090,26.2697,-97.867,78593,48215
3004091,26.2697,-97.867,78593,48215
3004092,26.2697,-97.867,78593,48215
3004093,26.2697,-97.867,78593,48215
3004094,26.2697,-97.867,78593,48215
3004095,26.2697,-97.867,78593,48215
3004096,26.2697,-97.867,78593,48215
3004097,26.2697,-97.867,78593,48215
3004098,26.2697,-97.867,78593,48215
3004099,27.9629,-97.679,78368,48409
3004100,27.7742,-97.4388,78405,48355
3004101,27.557,-99.2672,-1,48479
3004102,26.0218,-97.5261,78587,48061
3004103,26.4515,-98.092,-1,48215
3004104,27.9386,-97.4586,78390,48409
3004105,27.9386,-97.4586,78390,48409
3004106,26.0516,-97.3128,-1,48061
3004107,26.1619,-98.0587,78537,48215
3004108,27.8679,-97.203,78362,48409
3004109,27.6833,-97.4063,78413,48355
3004110,26.235,-97.2718,-1,48061
3004111,26.2528,-97.7436,78535,48061
3004112,27.1391,-97.9014,-1,48261
3004113,27.5667,-99.5089,78041,48479
3004114,27.5667,-99.5089,78041,48479
3004115,27.5667,-99.5089,78041,48479
3004116,27.5667,-99.5089,78041,48479
3004117,28.7645,-98.486,78012,48013
3004118,28.2575,-98.1431,-1,48297
3004119,26.5326,-99.113,78585,48427
3004120,27.752,-97.4365,78416,48355
3004121,26.0527,-97.7405,78586,48061
3004122,26.272,-98.2366,78504,48215
3004123,27.6625,-97.3714,78414,48355
3004124,26.8805,-98.2162,78353,48047
3004125,28.5409,-97.957,-1,48025
3004126,25.9889,-97.4436,78526,48061
3004127,27.6599,-98.0757,78342,48249
3004128,26.5829,-98.5216,-1,48427
3004129,27.6344,-98.4967,78341,48131
3004130,27.8359,-98.629,78357,48131
3004131,28.9275,-99.0919,78061,48163
3004132,28.9275,-99.0919,78061,48163
3004133,28.9275,-99.0919,78061,48163
3004134,28.9275,-99.0919,78061,48163
3004135,28.9275,-99.0919,78061,48163
3004136,28.9275,-99.0919,78061,48163
3004137,28.9275,-99.0919,78061,48163
3004138,28.9275,-99.0919,78061,48163
3004139,28.0932,-97.9629,-1,48297
3004140,27.2231,-97.7892,78385,48261
3004141,27.2231,-97.7892,78385,48261
3004142,27.2231,-97.7892,78385,48261
3004143,28.7034,-99.1912,78061,48163
3004144,27.9862,-98.0602,-1,48249
3004145,27.8921,-97.3842,78374,48409
3004146,27.3735,-99.3506,-1,48479
3004147,27.3735,-99.3506,-1,48479
3004148,28.3103,-98.5732,-1,48311
3004149,28.1207,-97.1969,78340,48391
3004150,27.7396,-97.4668,-1,48355
3004151,27.0011,-97.5994,78385,48261
3004152,27.0011,-97.5994,78385,48261
3004153,27.0011,-97.5994,78385,48261
3004154,26.3216,-98.4762,78576,48215
3004155,26.2537,-98.5672,78565,48215
3004156,27.7036,-97.345,78412,48355
3004157,26.2964,-98.3,78573,48215
3004158,27.8139,-97.4283,78407,48355
3004159,27.8139,-97.4283,78407,48355
3004160,27.8139,-97.4283,78407,48355
3004161,27.8139,-97.4283,78407,48355
3004162,27.8139,-97.4283,78407,48355
3004163,27.8139,-97.4283,78407,48355
3004164,26.2748,-98.6548,78548,48427
3004165,27.1197,-97.5499,78385,48261
3004166,27.1197,-97.5499,78385,48261
3004167,26.4774,-97.9215,78561,48489
3004168,27.8107,-97.4404,78407,48355
3004169,28.1032,-97.808,78368,48409
3004170,27.873,-97.0922,78335,48355
3004171,26.1061,-97.6293,78586,48061
3004172,28.9358,-98.429,-1,48013
3004173,28.2911,-96.8991,-1,48007
3004174,29.2037,-98.7767,78052,48013
3004175,27.7517,-99.1261,-1,48479
3004176,27.5761,-98.9053,-1,48479
3004177,27.5761,-98.9053,-1,48479
3004178,28.5683,-97.5792,-1,48175
3004179,27.8496,-98.3858,-1,48131
3004180,27.7774,-97.115,-1,48355
3004181,27.9958,-97.2967,78390,48409
3004182,27.9958,-97.2967,78390,48409
3004183,26.4753,-97.6911,78590,48489
3004184,26.4753,-97.6911,78590,48489
3004185,26.9309,-99.1628,-1,48505
3004186,26.3453,-97.7949,78594,48489
3004187,28.2932,-99.2143,-1,48283
3004188,28.9512,-100.593,78877,48323
3004189,28.5249,-99.5085,-1,48127
3004190,27.5454,-99.462,78041,48479
3004191,26.5693,-97.4423,78598,48489
3004192,25.9131,-97.5214,78520,48061
3004193,25.9131,-97.5214,78520,48061
3004194,26.3489,-97.6668,-1,48489
3004195,27.4881,-99.0053,78371,48479
3004196,27.4881,-99.0053,78371,48479
3004197,27.4881,-99.0053,78371,48479
3005003,32.9117,-96.6748,75042,48113
3005004,32.1583,-96.3296,75153,48349
3005005,32.527,-98.0088,-1,48221
3005006,32.9697,-96.7973,75248,48113
3005007,33.2316,-97.1099,76209,48121
3005008,32.7901,-99.2418,-1,48417
3005009,32.8649,-96.7904,75225,48113
3005010,33.0316,-96.6732,75074,48085
3005011,31.2996,-96.609,76653,48293
3005012,33.221,-97.146,76201,48121
3005013,31.8426,-98.8051,76432,48049
3005014,33.2763,-97.5142,-1,48497
3005015,32.928,-97.2839,76244,48439
3005016,32.928,-97.2839,76244,48439
3005017,33.1987,-97.3116,76259,48121
3005018,33.068,-98.3377,76458,48237
3005019,33.068,-98.3377,76458,48237
3005020,33.068,-98.3377,76458,48237
3005021,32.7206,-97.5142,76108,48439
3005022,32.7206,-97.5142,76108,48439
3005023,32.7206,-97.5142,76108,48439
3005024,31.4173,-97.7556,-1,48099
3005025,32.2767,-97.5084,-1,48251
3005026,32.639,-97.3351,76134,48439
3005027,32.6673,-97.4166,-1,48439
3005028,32.824,-97.0487,76155,48439
3005029,31.1959,-97.2653,76579,48027
3005030,32.8531,-97.6966,76085,48367
3005031,33.1517,-96.4832,75407,48085
3005032,32.7468,-96.8027,75203,48113
3005033,32.6486,-96.6444,75253,48113
3005034,32.6486,-96.6444,75253,48113
3005035,32.6486,-96.6444,75253,48113
3005036,32.6486,-96.6444,75253,48113
3005037,32.6486,-96.6444,75253,48113
3005038,32.6486,-96.6444,75253,48113
3005039,32.6486,-96.6444,75253,48113
3005040,32.6486,-96.6444,75253,48113
3005041,32.6486,-96.6444,75253,48113
3005042,32.6486,-96.6444,75253,48113
3005043,32.9455,-96.3753,75087,48397
3005044,33.0419,-97.5971,76023,48497
3005045,32.2822,-98.1967,-1,48143
3005046,32.2822,-98.1967,-1,48143
3005047,32.504,-97.1884,76061,48251
3005048,32.504,-97.1884,76061,48251
3005049,33.1707,-96.1264,75401,48231
3005050,33.1707,-96.1264,75401,48231
3005051,33.1707,-96.1264,75401,48231
3005052,33.1707,-96.1264,75401,48231
3005053,33.0901,-96.74,75025,48085
3005054,31.5031,-96.52,76642,48293
3005055,33.1344,-98.6117,-1,48503
3005056,33.1344,-98.6117,-1,48503
3005057,33.1344,-98.6117,-1,48503
3005058,33.1344,-98.6117,-1,48503
3005059,32.2778,-96.1053,75156,48213
3005060,32.2778,-96.1053,75156,48213
3005061,32.2778,-96.1053,75156,48213
3005062,32.2778,-96.1053,75156,48213
3005063,32.7751,-97.1421,76012,48439
3005064,32.7751,-97.1421,76012,48439
3005065,32.7751,-97.1421,76012,48439
3005066,32.7751,-97.1421,76012,48439
3005067,32.7751,-97.1421,76012,48439
3005068,32.7751,-97.1421,76012,48439
3005069,32.7751,-97.1421,76012,48439
3005070,32.7812,-96.8788,75212,48113
3005071,31.5768,-97.1272,76704,48309
3005072,32.9974,-96.7882,75252,48085
3005073,31.7062,-99.1514,76823,48049
3005074,33.2419,-96.808,75078,48085
3005075,31.5539,-98.0491,-1,48193
3005076,32.7385,-96.1692,75118,48257
3005077,32.7385,-96.1692,75118,48257
3005078,33.2734,-96.9901,76227,48121
3005079,31.5138,-97.153,76711,48309
3005080,31.2686,-97.2025,-1,48145
3005081,31.1436,-97.761,76544,48027
3005082,32.6921,-97.0865,76014,48439
3005083,33.172,-96.6963,75070,48085
3005084,33.172,-96.6963,75070,48085
3005085,32.6656,-96.8731,75237,48113
3005086,32.7193,-97.155,76013,48439
3005087,32.1375,-96.9925,76670,48139
3005088,31.8694,-97.3667,76644,48217
3005089,31.8694,-97.3667,76644,48217
3005090,32.8313,-96.7712,75206,48113
3005091,32.0387,-96.8079,76641,48349
3005092,32.2809,-97.1608,-1,48251
3005093,32.9866,-97.3773,76052,48439
3005094,32.2111,-96.7528,76623,48139
3005095,33.1104,-97.0055,75065,48121
3005096,33.0218,-96.6155,75094,48085
3005097,32.8141,-97.0913,76040,48439
3005098,32.5819,-97.4206,-1,48439
3005099,33.0349,-97.1249,75022,48121
3005100,32.7706,-96.7464,75210,48113
3005101,31.8911,-98.6146,76442,48093
3005102,32.9761,-96.7421,75080,48113
3005103,32.9761,-96.7421,75080,48113
3005104,32.6201,-97.2749,76140,48439
3005105,32.9192,-96.9894,75063,48113
3005106,32.9192,-96.9894,75063,48113
3005107,32.9192,-96.9894,75063,48113
3005108,32.6361,-96.9646,75249,48113
3005109,32.5627,-96.7522,75146,48113
3005110,32.7641,-98.2769,-1,48363
3005111,32.96,-96.8385,75001,48113
3005112,32.0015,-97.8826,76649,48035
3005113,33.2788,-97.3023,-1,48121
3005114,32.5688,-96.2551,75142,48257
3005115,33.0663,-96.2221,75135,48231
3005116,33.0342,-96.8116,75093,48085
3005117,32.6911,-97.2626,76119,48439
3005118,32.3412,-99.1983,76469,48059
3005119,33.015,-98.0537,76486,48237
3005120,31.7483,-99.0329,-1,48049
3005121,31.7483,-99.0329,-1,48049
3005122,32.842,-96.7026,75218,48113
3005123,31.2024,-96.8142,76680,48145
3005124,31.2024,-96.8142,76680,48145
3005125,32.785,-97.1001,76006,48439
3005126,32.9126,-96.7366,75243,48113
3005127,31.769,-97.8044,76637,48035
3005128,32.7531,-96.8396,75208,48113
3005129,31.6274,-98.5467,-1,48333
3005130,33.0213,-96.7416,75075,48085
3005131,31.0517,-97.4999,76513,48027
3005132,31.0517,-97.4999,76513,48027
3005133,32.3626,-97.9244,76476,48221
3005134,32.8043,-98.8925,76424,48429
3005135,32.4959,-98.664,76470,48133
3005136,33.4622,-95.7575,75415,48119
3005137,31.4757,-97.0839,76706,48309
3005138,31.4757,-97.0839,76706,48309
3005139,32.9232,-96.8917,75234,48113
3005140,31.4864,-97.7069,76597,48099
3005141,33.3217,-96.3785,75424,48085
3005142,31.2851,-97.3901,76557,48027
3005143,32.7759,-97.181,76120,48439
3005144,31.6271,-97.2159,76708,48309
3005145,32.7294,-96.9965,75051,48113
3005146,32.9381,-96.5564,75089,48113
3005147,33.0754,-96.8027,75024,48085
3005148,32.8748,-96.9967,75038,48113
3005149,32.8785,-96.7078,75218,48113
3005150,33.2764,-98.3824,76459,48237
3005151,31.989,-97.5298,-1,48035
3005152,32.969,-96.5809,75048,48113
3005153,33.0987,-97.7234,76073,48497
3005154,32.1085,-97.3958,76692,48217
3005155,32.7594,-98.6664,76492,48429
3005156,31.9312,-98.9274,76857,48049
3005157,32.5994,-96.8641,75115,48113
3005158,32.7717,-96.6167,75149,48113
3005159,31.0823,-96.9535,76750,48145
3005160,33.2088,-97.0551,76208,48121
3005161,32.8249,-96.6794,75228,48113
3005162,31.661,-96.9551,76624,48309
3005163,31.076,-97.6044,76559,48027
3005164,33.1975,-97.1061,76205,48121
3005165,33.1975,-97.1061,76205,48121
3005166,33.1975,-97.1061,76205,48121
3005167,33.1975,-97.1061,76205,48121
3005168,32.8685,-96.8761,75220,48113
3005169,32.3386,-98.4761,-1,48133
3005170,32.3386,-98.4761,-1,48133
3005171,32.044,-96.9146,76666,48217
3005172,32.6827,-97.7823,76087,48367
3005173,33.0568,-96.7308,75023,48085
3005174,31.9246,-96.9045,76631,48217
3005175,33.1495,-97.096,76210,48121
3005176,32.905,-98.3243,-1,48363
3005177,32.6356,-97.1488,76001,48439
3005178,32.8517,-96.4362,75032,48397
3005179,32.0579,-96.6325,75102,48349
3005180,32.0579,-96.6325,75102,48349
3005181,32.9289,-96.6198,75040,48113
3005182,31.4766,-97.7287,76599,48099
3005183,32.9625,-96.8982,75006,48113
3005184,32.7754,-97.4356,76127,48439
3005185,33.0934,-97.4628,76078,48497
3005186,32.4263,-97.0903,76084,48251
3005187,33.2502,-98.9256,-1,48503
3005188,33.0502,-96.8745,75010,48121
3005189,32.8021,-96.7889,75204,48113
3005190,32.5876,-98.3336,-1,48363
3005191,31.9162,-97.7101,76665,48035
3005192,30.936,-97.9346,78608,48053
3005193,30.936,-97.9346,78608,48053
3005194,32.6607,-96.9119,75116,48113
3005195,33.1147,-97.1738,76226,48121
3005196,33.2058,-98.3651,76427,48237
3005197,33.2058,-98.3651,76427,48237
3005198,33.2058,-98.3651,76427,48237
3005199,32.7591,-97.3298,76102,48439
3005200,32.7996,-98.1268,76067,48363
3005201,31.6611,-96.76,-1,48293
3005202,32.2291,-96.4755,75155,48349
3005203,32.9993,-96.8417,75287,48085
3005204,33.0583,-97.9103,-1,48497
3005205,33.0583,-97.9103,-1,48497
3005206,33.0583,-97.9103,-1,48497
3005207,33.0583,-97.9103,-1,48497
3005208,33.0583,-97.9103,-1,48497
3005209,32.0835,-97.7367,76690,48035
3005210,32.8307,-97.1452,76022,48439
3005211,31.8485,-96.8073,76648,48217
3005212,32.4399,-96.678,-1,48139
3005213,32.8802,-96.6516,75041,48113
3005214,32.7114,-96.8386,75224,48113
3005215,33.3712,-96.9332,76258,48121
3005216,32.724,-97.2694,76105,48439
3005217,32.84,-97.2253,76180,48439
3005218,33.1,-97.3405,76247,48121
3005219,32.4648,-96.4395,75157,48257
3005220,33.3731,-97.2134,76266,48121
3005221,31.1492,-97.6332,76543,48027
3005222,32.4367,-96.0796,-1,48257
3005223,31.6549,-96.4681,76667,48293
3005224,33.0053,-96.8967,75007,48121
3005225,33.0618,-96.3933,75173,48085
3005226,31.6867,-98.7763,76890,48049
3005227,32.7584,-96.3013,75160,48257
3005228,32.6654,-96.7595,75241,48113
3005229,32.7506,-96.7568,75215,48113
3005230,32.8118,-96.8129,75235,48113
3005231,31.6868,-98.187,76531,48193
3005232,32.6922,-97.1333,76015,48439
3005233,32.8603,-97.086,76039,48439
3005234,33.1631,-96.7902,75034,48085
3005235,30.9257,-97.5987,-1,48027
3005236,33.3836,-98.7119,76374,48503
3005237,33.3836,-98.7119,76374,48503
3005238,33.3836,-98.7119,76374,48503
3005239,31.3833,-98.4667,-1,48333
3005240,31.3833,-98.4667,-1,48333
3005241,31.3833,-98.4667,-1,48333
3005242,31.3833,-98.4667,-1,48333
3005243,31.3833,-98.4667,-1,48333
3005244,32.7007,-97.387,76109,48439
3005245,32.9258,-97.0715,76051,48439
3005246,32.2085,-97.7952,76043,48425
3005247,32.1175,-97.5756,-1,48035
3005248,32.853,-97.1304,76021,48439
3005249,32.787,-97.5239,76108,48439
3005250,32.7671,-96.6893,75227,48113
3005251,32.7767,-97.0094,75050,48113
3005252,32.9027,-96.7934,75230,48113
3005253,33.0327,-97.0601,75028,48121
3005254,33.0093,-97.2267,76262,48121
3005255,32.7045,-97.9931,76066,48367
3005256,32.2375,-96.8423,76041,48139
3005257,32.1777,-96.8512,-1,48139
3005258,32.7432,-96.4549,75126,48257
3005259,33.0127,-96.4541,75173,48085
3005260,32.2984,-97.7855,76043,48425
3005261,32.2984,-97.7855,76043,48425
3005262,32.2984,-97.7855,76043,48425
3005263,32.2984,-97.7855,76043,48425
3005264,32.2986,-98.5523,-1,48133
3005265,32.924,-97.2251,76248,48439
3005266,32.5802,-96.9647,75104,48113
3005267,31.4095,-97.5311,76561,48099
3005268,33.3163,-95.789,75448,48119
3005269,32.4693,-96.9907,76065,48139
3005270,31.8162,-97.2433,76622,48217
3005271,30.7893,-97.2916,76523,48331
3005272,32.7925,-96.7728,75204,48113
3005273,32.9634,-96.9847,75019,48113
3005274,32.6052,-96.6743,75172,48113
3005275,31.867,-96.6558,-1,48349
3005276,31.561,-96.8024,-1,48293
3005277,33.1765,-96.9506,75068,48121
3005278,31.0753,-97.2524,76501,48027
3005279,31.0558,-97.3172,76501,48027
3005280,31.0558,-97.3172,76501,48027
3005281,31.0558,-97.3172,76501,48027
3005282,31.0558,-97.3172,76501,48027
3005283,31.0558,-97.3172,76501,48027
3005284,32.9247,-96.1134,75474,48231
3005285,33.3159,-97.8577,76431,48497
3005286,32.0753,-98.3486,76446,48143
3005287,32.5912,-97.0394,75054,48439
3005288,33.4209,-95.9457,75449,48147
3005289,32.9446,-96.8018,75254,48113
3005290,31.9597,-97.3304,76692,48217
3005291,32.9135,-97.4338,-1,48439
3005292,32.8473,-97.4822,76135,48439
3005293,32.4259,-97.5399,76044,48251
3005294,32.8735,-96.7475,75231,48113
3005295,33.1669,-96.6017,75069,48085
3005296,33.1669,-96.6017,75069,48085
3005297,33.1669,-96.6017,75069,48085
3005298,33.1669,-96.6017,75069,48085
3005299,33.1669,-96.6017,75069,48085
3005300,33.1669,-96.6017,75069,48085
3005301,33.1669,-96.6017,75069,48085
3005302,33.1669,-96.6017,75069,48085
3005303,33.1669,-96.6017,75069,48085
3005304,33.0896,-96.6078,75002,48085
3005305,33.0896,-96.6078,75002,48085
3005306,32.6957,-97.6315,76008,48367
3005307,33.0703,-96.9124,75056,48121
3005308,32.8005,-96.5476,75182,48113
3005309,32.8287,-96.746,75214,48113
3005310,32.8684,-97.2521,76148,48439
3005311,32.8483,-96.8255,75209,48113
3005312,32.9002,-97.5612,76020,48367
3005313,32.6385,-96.6955,75141,48113
3005314,31.6622,-97.5061,76689,48035
3005315,33.2277,-97.1838,76202,48121
3005316,32.8173,-96.6303,75150,48113
3005317,32.3342,-97.7317,76048,48221
3005318,32.3342,-97.7317,76048,48221
3005319,32.3342,-97.7317,76048,48221
3005320,32.3342,-97.7317,76048,48221
3005321,32.3342,-97.7317,76048,48221
3005322,32.7231,-96.9358,75236,48113
3005323,32.7231,-96.9358,75236,48113
3005324,32.7231,-96.9358,75236,48113
3005325,32.7231,-96.9358,75236,48113
3005326,32.7231,-96.9358,75236,48113
3005327,31.7512,-96.8919,76673,48217
3005328,31.3547,-97.0129,76685,48145
3005329,32.7113,-96.7812,75216,48113
3005330,32.7543,-97.0832,76011,48439
3005331,33.3389,-96.753,75009,48085
3005332,32.8818,-97.346,76131,48439
3005333,32.5218,-96.8073,75154,48139
3005334,32.2664,-99.5189,-1,48059
3005335,32.8853,-96.9421,75039,48113
3005336,32.8978,-96.5504,75088,48113
3005337,33.2196,-98.1882,76458,48237
3005338,32.5621,-97.631,76035,48367
3005339,32.9599,-97.1486,76092,48439
3005340,32.7868,-96.82,75207,48113
3005341,33.0685,-96.9638,75010,48121
3005342,33.0685,-96.9638,75010,48121
3005343,33.0685,-96.9638,75010,48121
3005344,32.8933,-96.8643,75229,48113
3005345,32.0225,-97.1334,76645,48217
3005346,32.7078,-97.3383,76110,48439
3005347,32.556,-99.1647,76464,48417
3005348,32.1626,-97.1549,76055,48217
3005349,32.6177,-96.7781,75134,48113
3005350,32.8576,-96.5763,75043,48113
3005351,32.8576,-96.5763,75043,48113
3005352,32.7922,-96.744,75223,48113
3005353,32.6432,-96.9165,75137,48113
3005354,32.7257,-96.559,7581,48113
3005355,32.3024,-97.0372,-1,48139
3005356,32.9646,-96.6497,75044,48113
3005357,33.1143,-96.694,75013,48085
3005358,31.4744,-96.9571,76682,48309
3005359,31.4744,-96.9571,76682,48309
3005360,31.4744,-96.9571,76682,48309
3005361,33.1964,-97.9208,-1,48237
3005362,33.1964,-97.9208,-1,48237
3005363,33.1964,-97.9208,-1,48237
3005364,33.1964,-97.9208,-1,48237
3005365,33.1964,-97.9208,-1,48237
3005366,33.1964,-97.9208,-1,48237
3005367,33.1964,-97.9208,-1,48237
3005368,33.1964,-97.9208,-1,48237
3005369,33.1964,-97.9208,-1,48237
3005370,33.0814,-97.061,75077,48121
3005371,32.6058,-96.5423,75159,48113
3005372,32.9253,-96.8368,75244,48113
3005373,32.8034,-97.2674,76117,48439
3005374,32.7166,-96.6201,75180,48113
3005375,32.6785,-97.3305,76115,48439
3005376,32.6762,-96.9366,75236,48113
3005377,31.1129,-97.7296,76541,48027
3005378,31.5397,-97.195,76710,48309
3005379,32.8597,-97.2915,76137,48439
3005380,32.32,-96.675,-1,48139
3005381,32.32,-96.675,-1,48139
3005382,32.32,-96.675,-1,48139
3005383,32.32,-96.675,-1,48139
3005384,32.7103,-96.6785,75217,48113
3005385,32.7103,-96.6785,75217,48113
3005386,32.9916,-96.6631,75082,48085
3005387,32.7421,-97.3817,76107,48439
3005388,31.621,-97.0985,76705,48309
3005389,31.621,-97.0985,76705,48309
3005390,30.9402,-97.227,76569,48027
3005391,30.9402,-97.227,76569,48027
3005392,30.9402,-97.227,76569,48027
3005393,31.6939,-97.3253,76633,48309
3005394,32.7683,-99.4228,-1,48417
3005395,32.7683,-99.4228,-1,48417
3005396,32.7683,-99.4228,-1,48417
3005397,32.7683,-99.4228,-1,48417
3005398,32.7683,-99.4228,-1,48417
3005399,32.7683,-99.4228,-1,48417
3005400,33.2459,-96.6313,75071,48085
3005401,32.4031,-97.7006,76049,48221
3005402,32.4031,-97.7006,76049,48221
3005403,32.4031,-97.7006,76049,48221
3005404,32.4031,-97.7006,76049,48221
3005405,32.4031,-97.7006,76049,48221
3005406,32.4031,-97.7006,76049,48221
3005407,31.8171,-97.5466,76634,48035
3005408,33.1742,-96.356,75442,48085
3005409,32.6892,-97.1891,76016,48439
3005410,31.0096,-97.7464,76549,48027
3005411,31.0096,-97.7464,76549,48027
3005412,33.0121,-96.5349,75098,48085
3005413,32.6581,-98.3103,-1,48363
3005414,32.6581,-98.3103,-1,48363
3005415,32.6581,-98.3103,-1,48363
3005416,32.6581,-98.3103,-1,48363
3005417,32.6581,-98.3103,-1,48363
3005418,32.6581,-98.3103,-1,48363
3005419,32.6581,-98.3103,-1,48363
3005420,32.9754,-97.3105,76177,48439
3005421,33.0662,-96.309,75173,48085
3005422,33.0196,-96.962,75057,48121
3005423,33.0196,-96.962,75057,48121
3005424,33.0196,-96.962,75057,48121
3005425,32.8136,-96.878,75247,48113
3005426,32.3667,-96.245,75143,48257
3005427,32.3608,-96.9155,75167,48139
3005428,32.8172,-97.1806,76053,48439
3005429,32.8165,-97.3595,76106,48439
3005430,32.755,-97.7911,76086,48367
3005431,32.9439,-96.4529,75087,48397
3005432,32.8484,-97.9032,76088,48367
3005433,32.7474,-97.2177,76112,48439
3005434,33.0008,-97.4444,76003,48497
3005435,32.6005,-98.1728,76472,48363
3005436,32.9303,-96.7875,75240,48113
3005437,31.6966,-97.0737,76640,48309
3005438,32.7811,-97.3546,76164,48439
3005439,32.3722,-96.7849,-1,48139
3005440,32.7228,-97.0802,76010,48439
3005441,32.6529,-97.3795,76133,48439
3005442,32.7491,-97.273,76103,48439
3005443,32.7287,-97.3178,76104,48439
3005444,32.4302,-97.0537,76084,48139
3005445,32.4302,-97.0537,76084,48139
3005446,31.4535,-97.1953,76643,48309
3005447,32.6396,-97.2175,76060,48439
3005448,32.665,-97.0247,75052,48113
3005449,32.665,-97.0247,75052,48113
3005450,33.2851,-96.5662,75454,48085
3005451,31.219,-97.9682,-1,48099
3005452,31.219,-97.9682,-1,48099
3005453,32.3926,-97.3275,76059,48251
3005454,33.0685,-96.0843,75402,48231
3005455,33.3724,-97.67,76225,48497
3005456,32.117,-98.9851,76471,48133
3005457,32.8918,-97.1496,76034,48439
3005458,30.8843,-97.3788,76534,48027
3005459,30.8843,-97.3788,76534,48027
3005460,30.8843,-97.3788,76534,48027
3005461,31.1379,-97.3736,76504,48027
3005462,32.6609,-96.8409,75232,48113
3005463,32.8259,-96.9669,75061,48113
3005464,33.1463,-96.8563,75034,48121
3005465,33.1463,-96.8563,75034,48121
3005466,31.468,-97.7353,76599,48099
3005467,32.7877,-96.7994,75201,48113
3005468,32.7039,-96.8719,75233,48113
3005469,32.7086,-97.3635,76129,48439
3005470,31.5297,-97.2604,76712,48309
3005471,32.4554,-98.4182,-1,48143
3005472,33.1877,-99.265,-1,48447
3005473,32.2662,-97.6551,76070,48425
3005474,31.8817,-97.0854,76621,48217
3005475,32.4149,-97.1964,76007,48251
3005476,32.0432,-96.3509,75109,48349
3005477,31.0509,-97.6446,76548,48027
3005478,32.7966,-96.9549,75060,48113
3005479,32.5327,-97.3065,76028,48251
3005480,32.5327,-97.3065,76028,48251
3005481,32.6359,-97.5035,76126,48439
3005482,32.8359,-96.7955,75205,48113
3005483,32.8866,-97.2084,76182,48439
3005484,32.0069,-99.2908,76828,48083
3005485,32.1229,-96.7237,76626,48349
3006001,29.4878,-98.2915,78109,48029
3006002,29.6523,-98.6562,78255,48029
3006003,30.1456,-97.2708,78602,48021
3006004,30.1456,-97.2708,78602,48021
3006005,30.1456,-97.2708,78602,48021
3006006,30.1456,-97.2708,78602,48021
3006007,30.1456,-97.2708,78602,48021
3006008,30.1456,-97.2708,78602,48021
3006009,30.1456,-97.2708,78602,48021
3006010,30.1456,-97.2708,78602,48021
3006011,29.6005,-98.0476,78123,48187
3006012,30.3039,-97.2189,78650,48021
3006013,29.3714,-98.5934,78242,48029
3006014,29.7007,-97.3013,78959,48177
3006015,29.283,-98.7373,78002,48029
3006016,29.4606,-98.5713,78228,48029
3006017,29.575,-98.2206,78108,48187
3006018,30.2424,-97.6592,78742,48453
3006019,30.2933,-97.7661,78703,48453
3006020,30.5309,-98.3778,78657,48299
3006021,30.5626,-97.9079,78641,48453
3006022,30.5626,-97.9079,78641,48453
3006023,30.5626,-97.9079,78641,48453
3006024,30.3043,-97.6857,78723,48453
3006025,29.59,-98.5253,78248,48029
3006026,29.3413,-98.7056,78054,48029
3006027,30.3386,-97.3612,78621,48021
3006028,30.2162,-97.856,78749,48453
3006029,28.9522,-97.8872,78144,48255
3006030,29.2023,-97.0763,-1,48123
3006031,29.2023,-97.0763,-1,48123
3006032,30.3197,-97.9582,78738,48453
3006033,30.4385,-97.5946,78660,48453
3006034,30.4385,-97.5946,78660,48453
3006035,30.4385,-97.5946,78660,48453
3006036,29.5859,-98.4068,78247,48029
3006037,29.5859,-98.4068,78247,48029
3006038,30.2934,-97.7844,78703,48453
3006039,30.2934,-97.7844,78703,48453
3006040,30.2934,-97.7844,78703,48453
3006041,30.2934,-97.7844,78703,48453
3006042,30.2934,-97.7844,78703,48453
3006043,29.462,-98.6768,78251,48029
3006044,29.4151,-98.4591,78203,48029
3006045,29.5889,-98.6139,78249,48029
3006046,29.5889,-98.6139,78249,48029
3006047,29.5889,-98.6139,78249,48029
3006048,29.5889,-98.6139,78249,48029
3006049,29.5889,-98.6139,78249,48029
3006050,29.5889,-98.6139,78249,48029
3006051,29.5889,-98.6139,78249,48029
3006052,29.5889,-98.6139,78249,48029
3006053,29.5889,-98.6139,78249,48029
3006054,29.5889,-98.6139,78249,48029
3006055,29.9033,-98.5564,78006,48259
3006056,29.6969,-98.0707,78130,48187
3006057,29.6969,-98.0707,78130,48187
3006058,29.6969,-98.0707,78130,48187
3006059,29.2853,-99.3292,-1,48325
3006060,29.6975,-98.4867,78260,48029
3006061,30.3825,-97.6735,78753,48453
3006062,30.2151,-96.4103,77833,48477
3006063,30.2151,-96.4103,77833,48477
3006064,30.2151,-96.4103,77833,48477
3006065,30.7733,-98.0452,78605,48053
3006066,29.6244,-98.1419,-1,48187
3006067,29.6244,-98.1419,-1,48187
3006068,29.6244,-98.1419,-1,48187
3006069,29.6244,-98.1419,-1,48187
3006070,29.6244,-98.1419,-1,48187
3006071,29.6244,-98.1419,-1,48187
3006072,29.6244,-98.1419,-1,48187
3006073,29.6244,-98.1419,-1,48187
3006074,29.6244,-98.1419,-1,48187
3006075,29.9172,-96.7506,-1,48149
3006076,29.9172,-96.7506,-1,48149
3006077,29.9172,-96.7506,-1,48149
3006078,29.9172,-96.7506,-1,48149
3006079,29.9172,-96.7506,-1,48149
3006080,29.9172,-96.7506,-1,48149
3006081,30.5553,-98.2576,78654,48053
3006082,30.5553,-98.2576,78654,48053
3006083,30.5553,-98.2576,78654,48053
3006084,30.557,-97.6903,78665,48491
3006085,30.557,-97.6903,78665,48491
3006086,30.557,-97.6903,78665,48491
3006087,30.557,-97.6903,78665,48491
3006088,30.557,-97.6903,78665,48491
3006089,30.557,-97.6903,78665,48491
3006090,30.557,-97.6903,78665,48491
3006091,30.0344,-98.1428,78676,48209
3006092,29.477,-97.4489,78629,48177
3006093,29.6905,-98.4018,78262,48029
3006094,29.6272,-98.4271,78259,48029
3006095,30.56,-97.5461,78634,48491
3006096,29.6961,-97.4707,-1,48177
3006097,29.5886,-98.4746,78232,48029
3006098,30.388,-97.7069,78758,48453
3006099,29.4606,-98.4386,78234,48029
3006100,29.3536,-98.2383,78101,48029
3006101,30.0381,-96.9875,-1,48149
3006102,30.0381,-96.9875,-1,48149
3006103,30.0381,-96.9875,-1,48149
3006104,30.0381,-96.9875,-1,48149
3006105,30.0381,-96.9875,-1,48149
3006106,30.0381,-96.9875,-1,48149
3006107,30.5659,-97.064,76567,48331
3006108,30.5659,-97.064,76567,48331
3006109,30.5659,-97.064,76567,48331
3006110,30.5659,-97.064,76567,48331
3006111,30.5659,-97.064,76567,48331
3006112,29.1998,-98.8422,78059,48325
3006113,30.2706,-97.7426,78701,48453
3006114,29.4715,-98.6178,78238,48029
3006115,29.556,-98.3603,78233,48029
3006116,30.4655,-97.3841,78615,48491
3006117,30.0139,-97.1821,78957,48021
3006118,30.5039,-97.8242,78613,48491
3006119,30.5039,-97.8242,78613,48491
3006120,30.5039,-97.8242,78613,48491
3006121,29.5373,-98.4879,78216,48029
3006122,29.38,-96.8362,-1,48285
3006123,30.3557,-97.6447,78754,48453
3006124,29.7588,-98.1905,78132,48091
3006125,29.2935,-98.057,78161,48493
3006126,30.1784,-97.8887,78739,48453
3006127,30.8911,-96.9076,-1,48331
3006128,29.3055,-98.5311,78224,48029
3006129,29.6783,-99.3166,78883,48019
3006130,30.1328,-97.8747,78652,48209
3006131,29.8948,-98.391,78070,48091
3006132,30.3222,-97.7402,78756,48453
3006133,29.7276,-97.1585,78941,48149
3006134,30.7109,-97.4139,76530,48491
3006135,30.043,-96.6992,78954,48149
3006136,30.6479,-97.7532,78628,48491
3006137,30.3779,-97.895,78732,48453
3006138,29.6897,-98.9112,78063,48019
3006139,29.844,-97.358,-1,48021
3006140,30.8186,-97.5025,76573,48491
3006141,29.4289,-98.3433,78220,48029
3006142,29.4289,-98.3433,78220,48029
3006143,29.4289,-98.3433,78220,48029
3006144,29.4289,-98.3433,78220,48029
3006145,29.4289,-98.3433,78220,48029
3006146,29.4289,-98.3433,78220,48029
3006147,29.4289,-98.3433,78220,48029
3006148,29.4289,-98.3433,78220,48029
3006149,29.4289,-98.3433,78220,48029
3006150,29.5453,-98.5566,78230,48029
3006151,29.6863,-96.9336,78956,48149
3006152,29.2783,-98.4791,-1,48029
3006153,29.2783,-98.4791,-1,48029
3006154,30.2241,-98.1348,-1,48209
3006155,29.2001,-98.4927,78264,48029
3006156,30.5812,-98.2087,78654,48053
3006157,29.7477,-98.6503,78015,48029
3006158,30.2869,-96.1894,77880,48477
3006159,29.5471,-98.2626,78154,48187
3006160,30.27,-97.6836,78721,48453
3006161,29.5931,-97.9732,78156,48187
3006162,29.5931,-97.9732,78156,48187
3006163,29.5931,-97.9732,78156,48187
3006164,29.5931,-97.9732,78156,48187
3006165,29.5931,-97.9732,78156,48187
3006166,29.5931,-97.9732,78156,48187
3006167,29.5931,-97.9732,78156,48187
3006168,29.4066,-98.6303,78227,48029
3006169,29.3573,-98.8867,78009,48325
3006170,29.3573,-98.8867,78009,48325
3006171,29.3573,-98.8867,78009,48325
3006172,29.097,-97.2824,77954,48123
3006173,29.097,-97.2824,77954,48123
3006174,29.4916,-98.3971,78218,48029
3006175,30.2822,-97.731,78712,48453
3006176,30.1119,-98.0336,78619,48209
3006177,29.5378,-98.7348,78254,48029
3006178,29.5378,-98.7348,78254,48029
3006179,29.6605,-98.5835,78257,48029
3006180,29.3504,-98.107,78121,48493
3006181,30.3397,-97.5235,78653,48453
3006182,29.3425,-98.5701,78211,48029
3006183,30.1676,-96.923,78942,48287
3006184,30.2681,-97.8692,78735,48453
3006185,30.2611,-97.9594,78736,48453
3006186,30.4307,-97.8401,78726,48453
3006187,30.4186,-97.8025,78750,48453
3006188,29.696,-96.4255,-1,48089
3006189,29.696,-96.4255,-1,48089
3006190,29.5649,-97.0838,77975,48285
3006191,29.6562,-98.3391,78266,48091
3006192,30.5416,-96.6762,77836,48051
3006193,30.5416,-96.6762,77836,48051
3006194,30.127,-97.74,78747,48453
3006195,30.0243,-96.4511,78931,48015
3006196,29.9401,-97.5683,78616,48055
3006197,29.5017,-98.5695,78229,48029
3006198,29.5017,-98.5695,78229,48029
3006199,29.5017,-98.5695,78229,48029
3006200,29.4399,-98.4587,78208,48029
3006201,29.388,-98.526,78225,48029
3006202,29.6596,-97.7852,-1,48187
3006203,29.4889,-98.4562,78209,48029
3006204,29.4412,-98.4805,78215,48029
3006205,30.1671,-97.824,78748,48453
3006206,30.3548,-96.8402,77853,48287
3006207,30.45,-97.9718,78645,48453
3006208,30.4299,-97.7178,78727,48453
3006209,29.5011,-98.8535,78066,48325
3006210,30.556,-98.3384,78657,48053
3006211,30.556,-98.3384,78657,48053
3006212,30.556,-98.3384,78657,48053
3006213,30.556,-98.3384,78657,48053
3006214,30.556,-98.3384,78657,48053
3006215,30.556,-98.3384,78657,48053
3006216,30.556,-98.3384,78657,48053
3006217,30.3784,-97.9512,78734,48453
3006218,29.8715,-97.6768,78644,48055
3006219,30.3515,-97.7326,5757,48453
3006220,29.5381,-98.4152,78217,48029
3006221,28.867,-98.2404,-1,48013
3006222,30.2068,-97.7974,78745,48453
3006223,30.2068,-97.7974,78745,48453
3006224,30.4027,-97.7611,78759,48453
3006225,29.4646,-98.4937,78212,48029
3006226,30.1829,-98.5665,-1,48031
3006227,30.243,-97.7651,78704,48453
3006228,29.8802,-97.9662,78666,48209
3006229,29.8802,-97.9662,78666,48209
3006230,29.8802,-97.9662,78666,48209
3006231,30.0785,-97.838,78610,48209
3006232,30.151,-97.6073,-1,48453
3006233,30.2971,-97.6178,78724,48453
3006234,29.4009,-98.7307,-1,48029
3006235,29.4009,-98.7307,-1,48029
3006236,29.4009,-98.7307,-1,48029
3006237,31.0208,-97.1207,76519,48027
3006238,30.2305,-97.7141,78741,48453
3006239,29.2567,-98.3825,-1,48029
3006240,29.2567,-98.3825,-1,48029
3006241,29.2567,-98.3825,-1,48029
3006242,29.2567,-98.3825,-1,48029
3006243,29.2567,-98.3825,-1,48029
3006244,29.2567,-98.3825,-1,48029
3006245,29.2567,-98.3825,-1,48029
3006246,29.2567,-98.3825,-1,48029
3006247,29.2567,-98.3825,-1,48029
3006248,29.2567,-98.3825,-1,48029
3006249,29.2567,-98.3825,-1,48029
3006250,29.5186,-98.363,78239,48029
3006251,29.9711,-98.2282,78623,48091
3006252,30.4023,-98.3596,-1,48031
3006253,28.8577,-97.4286,78164,48175
3006254,30.2098,-97.6129,78617,48453
3006255,30.2098,-97.6129,78617,48453
3006256,30.2098,-97.6129,78617,48453
3006257,30.2098,-97.6129,78617,48453
3006258,30.2098,-97.6129,78617,48453
3006259,30.2098,-97.6129,78617,48453
3006260,30.2098,-97.6129,78617,48453
3006261,29.3913,-98.6187,78227,48029
3006262,30.6909,-97.9414,78642,48491
3006263,28.7334,-97.895,-1,48255
3006264,28.7334,-97.895,-1,48255
3006265,29.1297,-97.3112,77954,48123
3006266,29.1297,-97.3112,77954,48123
3006267,29.1297,-97.3112,77954,48123
3006268,29.1297,-97.3112,77954,48123
3006269,29.1297,-97.3112,77954,48123
3006270,29.1297,-97.3112,77954,48123
3006271,29.1297,-97.3112,77954,48123
3006272,29.1297,-97.3112,77954,48123
3006273,29.1297,-97.3112,77954,48123
3006274,29.1297,-97.3112,77954,48123
3006275,29.3958,-98.4644,78210,48029
3006276,29.2439,-98.6224,78073,48029
3006277,29.9048,-97.8073,78656,48055
3006278,29.9048,-97.8073,78656,48055
3006279,29.5428,-97.9371,78155,48187
3006280,29.5428,-97.9371,78155,48187
3006281,29.526,-98.2775,78150,48029
3006282,30.43,-98.1127,78669,48453
3006283,29.4366,-98.2051,78152,48029
3006284,29.3452,-98.4439,78235,48029
3006285,29.8592,-98.7063,-1,48259
3006286,29.8592,-98.7063,-1,48259
3006287,29.4224,-98.5259,78207,48029
3006288,29.4224,-98.5259,78207,48029
3006289,30.3482,-97.7681,78731,48453
3006290,30.4924,-97.7483,78717,48491
3006291,29.6247,-98.624,78256,48029
3006292,30.1458,-97.55,78612,48021
3006293,30.1458,-97.55,78612,48021
3006294,30.1458,-97.55,78612,48021
3006295,30.1458,-97.55,78612,48021
3006296,30.1458,-97.55,78612,48021
3006297,30.1458,-97.55,78612,48021
3006298,29.7372,-98.0228,78130,48091
3006299,29.7372,-98.0228,78130,48091
3006300,29.7372,-98.0228,78130,48091
3006301,29.7372,-98.0228,78130,48091
3006302,29.7372,-98.0228,78130,48091
3006303,29.7372,-98.0228,78130,48091
3006304,29.7372,-98.0228,78130,48091
3006305,29.7372,-98.0228,78130,48091
3006306,30.3318,-97.7043,78752,48453
3006307,29.4211,-98.5709,78237,48029
3006308,29.4274,-99.1411,78861,48325
3006309,29.4274,-99.1411,78861,48325
3006310,29.4741,-98.3481,78244,48029
3006311,29.8066,-96.6865,78938,48089
3006312,29.4467,-98.3874,-1,48029
3006313,30.321,-97.8848,-1,48453
3006314,29.7695,-98.4532,78163,48091
3006315,30.8418,-97.8097,76527,48491
3006316,30.8418,-97.8097,76527,48491
3006317,30.8418,-97.8097,76527,48491
3006318,30.8418,-97.8097,76527,48491
3006319,30.8418,-97.8097,76527,48491
3006320,29.4182,-98.3943,78220,48029
3006321,29.0734,-98.0804,78147,48493
3006322,29.0734,-98.0804,78147,48493
3006323,29.4044,-98.505,78204,48029
3006324,29.3549,-98.3719,78263,48029
3006325,30.8527,-97.1489,76518,48331
3006326,30.4713,-96.4381,77878,48051
3006327,29.4886,-96.6525,77745,48089
3006328,29.9723,-98.9047,78013,48259
3006329,28.9141,-97.6326,78141,48123
3006330,30.1838,-97.6843,78719,48453
3006331,30.4584,-97.7553,78729,48491
3006332,29.6099,-98.7468,78023,48029
3006333,29.5035,-98.6646,78250,48029
3006334,29.5035,-98.6646,78250,48029
3006335,29.5035,-98.6646,78250,48029
3006336,29.7072,-99.0952,78803,48019
3006337,29.5164,-98.523,78213,48029
3006338,30.7004,-96.8306,-1,48331
3006339,30.0941,-97.4951,78612,48021
3006340,29.4289,-97.7358,-1,48177
3006341,30.1223,-96.2584,77426,48477
3006342,30.5017,-97.6472,78664,48491
3006343,30.5017,-97.6472,78664,48491
3006344,30.5017,-97.6472,78664,48491
3006345,30.29,-97.7147,78722,48453
3006346,29.0705,-98.4818,78050,48013
3006349,30.3974,-97.8426,78726,48453
3006350,30.3974,-97.8426,78726,48453
3006351,30.3974,-97.8426,78726,48453
3006352,29.6341,-98.4974,78258,48029
3006353,30.5434,-97.6456,78664,48491
3006354,30.5344,-97.7256,78681,48491
3006355,30.5344,-97.7256,78681,48491
3006356,29.4684,-98.5289,78201,48029
3006357,29.1358,-99.1689,78886,48325
3006358,30.6591,-97.6182,78674,48491
3006359,30.8007,-98.283,78611,48053
3006360,30.8007,-98.283,78611,48053
3007001,28.8391,-96.8896,77988,48469
3007002,29.7248,-95.1765,77506,48201
3007003,29.7248,-95.1765,77506,48201
3007004,29.7248,-95.1765,77506,48201
3007005,29.7248,-95.1765,77506,48201
3007006,29.7248,-95.1765,77506,48201
3007007,29.7248,-95.1765,77506,48201
3007008,29.7248,-95.1765,77506,48201
3007009,29.7248,-95.1765,77506,48201
3007010,30.0868,-95.9905,77446,48473
3007011,30.2858,-95.3124,77306,48339
3007012,29.6876,-95.9523,77476,48157
3007013,29.9797,-95.5728,77070,48201
3007014,29.8108,-95.2539,77013,48201
3007015,29.8108,-95.2539,77013,48201
3007016,29.8329,-95.149,77049,48201
3007017,29.8159,-95.523,77080,48201
3007018,28.8947,-97.135,77976,48469
3007019,28.8947,-97.135,77976,48469
3007020,28.8947,-97.135,77976,48469
3007021,28.8947,-97.135,77976,48469
3007022,28.8947,-97.135,77976,48469
3007023,28.8947,-97.135,77976,48469
3007024,28.8947,-97.135,77976,48469
3007025,28.8947,-97.135,77976,48469
3007026,29.5072,-94.9872,77518,48167
3007027,30.1004,-95.3564,77386,48339
3007028,29.6524,-95.5212,77071,48201
3007029,28.5707,-96.8333,-1,48057
3007030,28.5707,-96.8333,-1,48057
3007031,28.5707,-96.8333,-1,48057
3007032,28.5707,-96.8333,-1,48057
3007033,28.5707,-96.8333,-1,48057
3007034,28.5707,-96.8333,-1,48057
3007035,30.3074,-95.4385,77301,48339
3007036,30.3074,-95.4385,77301,48339
3007037,29.67,-95.7081,77407,48157
3007038,29.67,-95.7081,77407,48157
3007039,29.67,-95.7081,77407,48157
3007040,30.0544,-94.922,77535,48291
3007041,30.0544,-94.922,77535,48291
3007042,28.7883,-97.01,77905,48469
3007043,28.7883,-97.01,77905,48469
3007044,28.7883,-97.01,77905,48469
3007045,28.7883,-97.01,77905,48469
3007046,28.7883,-97.01,77905,48469
3007047,29.8376,-95.7338,77449,48201
3007048,29.8376,-95.7338,77449,48201
3007049,29.8376,-95.7338,77449,48201
3007050,30.1563,-95.7493,77355,48339
3007051,29.8634,-95.3414,77093,48201
3007052,29.6004,-95.5155,77489,48157
3007053,29.4827,-95.6802,-1,48157
3007054,29.9066,-95.1806,-1,48201
3007055,29.7249,-95.3638,77004,48201
3007056,30.195,-95.5482,77382,48339
3007057,30.195,-95.5482,77382,48339
3007058,28.6917,-96.5417,77978,48057
3007059,28.6917,-96.5417,77978,48057
3007060,28.6917,-96.5417,77978,48057
3007061,28.6917,-96.5417,77978,48057
3007062,28.6917,-96.5417,77978,48057
3007063,28.6917,-96.5417,77978,48057
3007064,28.6917,-96.5417,77978,48057
3007065,28.6917,-96.5417,77978,48057
3007066,28.6917,-96.5417,77978,48057
3007067,29.9112,-95.3412,77039,48201
3007068,29.2123,-96.2806,77437,48481
3007069,29.2123,-96.2806,77437,48481
3007070,29.6194,-95.1912,77034,48201
3007071,28.4446,-96.4918,-1,48057
3007072,29.4568,-95.0311,77539,48167
3007073,29.3105,-94.7758,77555,48167
3007074,29.3105,-94.7758,77555,48167
3007075,29.7639,-95.1731,77015,48201
3007076,29.7731,-94.9019,77520,48071
3007077,29.7731,-94.9019,77520,48071
3007078,29.7731,-94.9019,77520,48071
3007079,29.7731,-94.9019,77520,48071
3007080,29.7731,-94.9019,77520,48071
3007081,29.7731,-94.9019,77520,48071
3007082,29.7731,-94.9019,77520,48071
3007083,29.5038,-95.0873,77573,48167
3007084,29.5038,-95.0873,77573,48167
3007085,29.2845,-95.2815,77577,48039
3007086,29.7597,-95.2563,77029,48201
3007087,29.6203,-95.6057,77478,48157
3007088,29.6461,-95.7945,77469,48157
3007089,29.8127,-95.5836,-1,48201
3007090,30.1605,-95.6692,77362,48339
3007091,29.5453,-95.3501,77584,48039
3007092,29.7348,-95.4161,77098,48201
3007093,29.7413,-95.5603,77042,48201
3007094,29.8264,-95.4263,77018,48201
3007095,28.795,-96.0481,-1,48321
3007096,28.795,-96.0481,-1,48321
3007097,28.795,-96.0481,-1,48321
3007098,28.795,-96.0481,-1,48321
3007099,28.795,-96.0481,-1,48321
3007100,29.7185,-95.2741,77012,48201
3007101,29.6945,-95.6496,77083,48201
3007102,30.0949,-95.5858,77375,48201
3007103,29.7436,-95.3089,77011,48201
3007104,29.7232,-95.1289,77536,48201
3007105,29.7232,-95.1289,77536,48201
3007106,29.7232,-95.1289,77536,48201
3007107,29.7232,-95.1289,77536,48201
3007108,29.7232,-95.1289,77536,48201
3007109,29.7232,-95.1289,77536,48201
3007110,29.7232,-95.1289,77536,48201
3007111,29.7232,-95.1289,77536,48201
3007112,29.7232,-95.1289,77536,48201
3007113,29.7232,-95.1289,77536,48201
3007114,29.7232,-95.1289,77536,48201
3007115,29.7232,-95.1289,77536,48201
3007116,29.6327,-96.0551,77474,48015
3007117,29.9177,-95.49,77086,48201
3007118,30.0593,-95.4707,77388,48201
3007119,29.661,-95.2298,77587,48201
3007120,29.726,-95.6382,77082,48201
3007121,29.726,-95.6382,77082,48201
3007122,29.726,-95.6382,77082,48201
3007123,28.4296,-96.5742,-1,48057
3007124,29.7953,-95.3676,77009,48201
3007125,29.567,-95.636,77479,48157
3007126,29.567,-95.636,77479,48157
3007127,29.567,-95.636,77479,48157
3007128,30.3245,-95.505,77304,48339
3007129,28.8333,-96.5216,72971,48239
3007130,29.7268,-95.0598,-1,48201
3007131,29.7268,-95.0598,-1,48201
3007132,29.7268,-95.0598,-1,48201
3007133,29.7268,-95.0598,-1,48201
3007134,29.7268,-95.0598,-1,48201
3007135,29.7268,-95.0598,-1,48201
3007136,29.7268,-95.0598,-1,48201
3007137,29.7268,-95.0598,-1,48201
3007138,29.7268,-95.0598,-1,48201
3007139,29.7268,-95.0598,-1,48201
3007140,29.7268,-95.0598,-1,48201
3007141,29.7268,-95.0598,-1,48201
3007142,29.7268,-95.0598,-1,48201
3007143,30.1612,-95.1898,77357,48339
3007144,29.6898,-95.2524,77017,48201
3007145,29.9522,-95.2422,77396,48201
3007146,29.9522,-95.2422,77396,48201
3007147,29.6522,-95.5462,77031,48201
3007148,29.8904,-95.3925,77037,48201
3007149,28.6956,-96.7942,77977,48469
3007150,30.4714,-95.3639,-1,48339
3007151,30.4714,-95.3639,-1,48339
3007152,29.7338,-95.4333,77027,48201
3007153,28.6234,-96.1899,-1,48321
3007154,30.1882,-95.4163,77385,48339
3007155,29.6857,-95.4348,77025,48201
3007156,30.0622,-95.384,77373,48201
3007157,30.0622,-95.384,77373,48201
3007158,30.0531,-95.1579,77345,48201
3007159,29.9417,-95.5306,77086,48201
3007160,29.9417,-95.5306,77086,48201
3007161,29.9417,-95.5306,77086,48201
3007162,29.9417,-95.5306,77086,48201
3007163,29.9417,-95.5306,77086,48201
3007164,29.9417,-95.5306,77086,48201
3007165,29.9417,-95.5306,77086,48201
3007166,29.9417,-95.5306,77086,48201
3007167,29.9417,-95.5306,77086,48201
3007168,29.9417,-95.5306,77086,48201
3007169,29.9417,-95.5306,77086,48201
3007170,29.9417,-95.5306,77086,48201
3007171,29.3914,-94.9201,77590,48167
3007172,29.3914,-94.9201,77590,48167
3007173,30.0468,-95.221,77339,48201
3007174,29.5736,-95.1306,77062,48201
3007175,30.0409,-95.5289,77379,48201
3007176,30.0409,-95.5289,77379,48201
3007177,30.0409,-95.5289,77379,48201
3007178,29.9347,-95.3949,77060,48201
3007179,29.5373,-95.4746,77545,48157
3007180,29.7982,-95.4169,77008,48201
3007181,29.8815,-95.4526,77088,48201
3007182,29.7927,-96.0122,77423,48473
3007183,29.7018,-95.5345,77036,48201
3007184,29.4734,-95.5581,77481,48157
3007185,29.4734,-95.5581,77481,48157
3007186,29.721,-95.3954,77005,48201
3007187,29.721,-95.3954,77005,48201
3007188,29.721,-95.3954,77005,48201
3007189,29.721,-95.3954,77005,48201
3007190,29.721,-95.3954,77005,48201
3007191,29.721,-95.3954,77005,48201
3007192,29.721,-95.3954,77005,48201
3007193,29.721,-95.3954,77005,48201
3007194,29.721,-95.3954,77005,48201
3007195,29.721,-95.3954,77005,48201
3007196,29.721,-95.3954,77005,48201
3007197,29.721,-95.3954,77005,48201
3007198,30.0617,-95.6815,77377,48201
3007199,29.9978,-95.6694,77429,48201
3007200,29.9978,-95.6694,77429,48201
3007201,29.9978,-95.6694,77429,48201
3007202,30.0999,-96.0656,77445,48473
3007203,29.1556,-95.6835,77486,48039
3007204,29.6744,-94.9139,77520,48071
3007205,29.6744,-94.9139,77520,48071
3007206,29.6744,-94.9139,77520,48071
3007207,29.6744,-94.9139,77520,48071
3007208,29.6744,-94.9139,77520,48071
3007209,29.6744,-94.9139,77520,48071
3007210,29.6744,-94.9139,77520,48071
3007211,29.6744,-94.9139,77520,48071
3007212,29.6744,-94.9139,77520,48071
3007213,29.3036,-95.0323,77563,48167
3007214,29.6669,-95.3351,77033,48201
3007215,30.1782,-95.501,77381,48339
3007216,29.7715,-95.4111,77007,48201
3007217,29.7732,-95.3143,77020,48201
3007218,30.3062,-95.6864,-1,48339
3007219,29.4164,-96.0854,77448,48481
3007220,29.6709,-95.586,77099,48201
3007221,29.6997,-95.5848,77072,48201
3007222,29.7218,-95.3183,77023,48201
3007223,29.9884,-95.5312,77069,48201
3007224,29.7068,-95.4017,77030,48201
3007225,29.8586,-95.5808,77041,48201
3007226,29.6561,-95.3787,77051,48201
3007227,29.8275,-95.6599,77084,48201
3007228,29.8275,-95.6599,77084,48201
3007229,29.8275,-95.6599,77084,48201
3007230,29.4644,-95.9662,77451,48157
3007231,29.6136,-95.1194,77059,48201
3007232,29.3632,-94.9801,77568,48167
3007233,30.0796,-95.9323,77874,48473
3007234,30.1067,-95.2971,77365,48339
3007235,29.9343,-95.7476,77433,48201
3007236,29.9878,-95.3534,77205,48201
3007237,29.5924,-95.9553,77464,48157
3007238,30.0757,-94.7334,77575,48291
3007239,29.8685,-94.603,-1,48071
3007240,29.6534,-95.4753,77035,48201
3007241,29.7712,-95.5118,77024,48201
3007242,29.9186,-95.4412,77038,48201
3007243,29.9329,-95.0572,77532,48201
3007244,29.4815,-95.3614,77578,48039
3007245,30.0082,-95.439,77090,48201
3007246,29.9092,-95.6512,77095,48201
3007247,29.2599,-95.6677,-1,48039
3007248,29.7363,-95.5233,77063,48201
3007249,29.8002,-95.3289,77026,48201
3007250,29.7536,-95.3598,77010,48201
3007251,30.0476,-95.8337,77240,48201
3007252,29.1749,-95.4501,77515,48039
3007253,29.1749,-95.4501,77515,48039
3007254,30.378,-95.3771,77303,48339
3007255,29.741,-95.3913,77006,48201
3007256,29.5835,-95.4607,77053,48157
3007257,29.5616,-95.2797,77581,48039
3007258,29.7401,-95.4464,77027,48201
3007259,29.587,-95.2256,77089,48201
3007260,29.8325,-95.0509,77562,48201
3007261,28.7885,-95.8393,-1,48321
3007262,28.7885,-95.8393,-1,48321
3007263,29.6225,-95.0458,77507,48201
3007264,29.6225,-95.0458,77507,48201
3007265,29.6225,-95.0458,77507,48201
3007266,29.6225,-95.0458,77507,48201
3007267,29.6225,-95.0458,77507,48201
3007268,29.6225,-95.0458,77507,48201
3007269,29.6225,-95.0458,77507,48201
3007270,29.6225,-95.0458,77507,48201
3007271,29.8485,-95.9771,77466,48473
3007272,29.6187,-95.3242,77048,48201
3007273,29.3992,-94.9973,77591,48167
3007274,28.6767,-97.1987,-1,48175
3007275,28.6767,-97.1987,-1,48175
3007276,29.8316,-95.3796,77022,48201
3007277,29.0209,-96.4898,77962,48239
3007278,29.8247,-94.9197,77523,48201
3007279,29.8247,-94.9197,77523,48201
3007280,29.8247,-94.9197,77523,48201
3007281,29.8247,-94.9197,77523,48201
3007282,29.7535,-94.9973,77521,48201
3007283,29.7535,-94.9973,77521,48201
3007284,29.7535,-94.9973,77521,48201
3007285,29.7535,-94.9973,77521,48201
3007286,29.7535,-94.9973,77521,48201
3007287,29.7535,-94.9973,77521,48201
3007288,29.7535,-94.9973,77521,48201
3007289,29.7535,-94.9973,77521,48201
3007290,30.1234,-95.5171,77389,48201
3007291,30.0173,-95.2862,77338,48201
3007292,29.9572,-95.5033,77066,48201
3007293,29.3645,-95.1311,77517,48167
3007294,29.5069,-94.5201,77617,48167
3007295,29.9993,-95.4002,77073,48201
3007296,29.7761,-95.603,77079,48201
3007297,29.6358,-95.4329,77045,48201
3007298,29.83,-95.4744,77092,48201
3007299,29.3974,-96.3845,77460,48089
3007300,30.2219,-95.3388,77302,48339
3007301,29.5386,-95.1361,77598,48201
3007302,28.9331,-95.7349,-1,48321
3007303,28.8579,-96.3539,77961,48239
3007304,29.2878,-96.0683,77488,48481
3007305,29.2878,-96.0683,77488,48481
3007306,29.2878,-96.0683,77488,48481
3007307,29.2878,-96.0683,77488,48481
3007308,29.2878,-96.0683,77488,48481
3007309,29.2878,-96.0683,77488,48481
3007310,29.2878,-96.0683,77488,48481
3007311,29.2878,-96.0683,77488,48481
3007312,29.0505,-95.4758,77566,48039
3007313,29.0505,-95.4758,77566,48039
3007314,29.9871,-96.2529,77418,48015
3007315,29.8532,-95.8315,77492,48201
3007316,29.6106,-95.3869,77047,48201
3007317,29.5151,-95.1921,77546,48167
3007318,29.6204,-95.2689,77075,48201
3007319,30.0071,-95.4884,77068,48201
3007320,28.9802,-95.342,77541,48039
3007321,28.9802,-95.342,77541,48039
3007322,28.9802,-95.342,77541,48039
3007323,28.9802,-95.342,77541,48039
3007324,28.9802,-95.342,77541,48039
3007325,28.9802,-95.342,77541,48039
3007326,28.9802,-95.342,77541,48039
3007327,29.2639,-95.8997,77468,48481
3007328,29.2639,-95.8997,77468,48481
3007329,29.2639,-95.8997,77468,48481
3007330,29.704,-95.4609,77401,48201
3007331,29.7233,-95.2103,77506,48201
3007332,29.7233,-95.2103,77506,48201
3007333,29.7233,-95.2103,77506,48201
3007334,29.7233,-95.2103,77506,48201
3007335,29.7233,-95.2103,77506,48201
3007336,29.6243,-95.568,77477,48157
3007337,29.0424,-96.6897,77957,48239
3007338,29.6856,-95.3042,77087,48201
3007339,29.3826,-95.807,77461,48157
3007340,29.7951,-96.1077,77474,48015
3007341,29.7406,-95.8296,77494,48157
3007342,29.7406,-95.8296,77494,48157
3007343,29.7406,-95.8296,77494,48157
3007344,29.86,-95.3822,77076,48201
3007345,29.647,-95.2766,77048,48201
3007346,29.4828,-95.6311,77481,48157
3007347,29.4828,-95.6311,77481,48157
3007348,29.4828,-95.6311,77481,48157
3007349,29.4828,-95.6311,77481,48157
3007350,29.4828,-95.6311,77481,48157
3007351,29.4828,-95.6311,77481,48157
3007352,29.4828,-95.6311,77481,48157
3007353,29.4828,-95.6311,77481,48157
3007354,29.4828,-95.6311,77481,48157
3007355,29.4828,-95.6311,77481,48157
3007356,29.4828,-95.6311,77481,48157
3007357,29.4828,-95.6311,77481,48157
3007358,29.4828,-95.6311,77481,48157
3007359,29.4828,-95.6311,77481,48157
3007360,29.4828,-95.6311,77481,48157
3007361,29.4828,-95.6311,77481,48157
3007362,29.7482,-95.4689,77056,48201
3007363,29.2532,-94.9247,77554,48167
3007364,29.5222,-96.2187,77454,48481
3007365,29.8625,-95.3,77016,48201
3007366,29.8161,-95.1077,77530,48201
3007367,29.8161,-95.1077,77530,48201
3007368,29.8161,-95.1077,77530,48201
3007369,29.8161,-95.1077,77530,48201
3007370,29.8161,-95.1077,77530,48201
3007371,29.8161,-95.1077,77530,48201
3007372,29.8161,-95.1077,77530,48201
3007373,29.8161,-95.1077,77530,48201
3007374,29.8161,-95.1077,77530,48201
3007375,29.8161,-95.1077,77530,48201
3007376,29.8161,-95.1077,77530,48201
3007377,29.8161,-95.1077,77530,48201
3007378,29.8161,-95.1077,77530,48201
3007379,29.8161,-95.1077,77530,48201
3007380,29.0212,-95.2783,-1,48039
3007381,29.8524,-95.2541,77078,48201
3007382,29.6984,-95.3569,77021,48201
3007383,29.3814,-95.47,77511,48039
3007384,29.6803,-95.4049,77054,48201
3007385,29.8746,-95.5271,77040,48201
3007386,29.6879,-95.5157,77074,48201
3007387,29.9945,-95.1775,77346,48201
3007388,29.7969,-95.4917,77055,48201
3007389,30.4356,-95.5214,-1,48339
3007390,30.4356,-95.5214,-1,48339
3007391,30.4356,-95.5214,-1,48339
3007392,29.8717,-94.8653,-1,48071
3007393,29.1327,-95.9411,-1,48321
3007394,30.0632,-95.0989,77336,48201
3007395,29.8531,-95.436,77091,48201
3007396,29.7693,-95.6813,77413,48201
3007397,29.5484,-95.8617,77471,48157
3007398,29.6479,-95.1898,77504,48201
3007399,29.7541,-95.4095,77019,48201
3007400,29.8222,-95.2194,77049,48201
3007401,29.8222,-95.2194,77049,48201
3007402,29.8222,-95.2194,77049,48201
3007403,29.6456,-95.1403,77505,48201
3007404,29.9526,-95.4466,77067,48201
3007405,29.2782,-94.8333,77551,48167
3007406,28.6527,-96.56,-1,48057
3007407,28.6527,-96.56,-1,48057
3007408,28.6527,-96.56,-1,48057
3007409,29.7457,-95.7421,77450,48201
3007410,29.7457,-95.7421,77450,48201
3007411,30.137,-95.4684,77380,48339
3007412,29.2315,-95.3143,77534,48039
3007413,29.3491,-96.1918,77443,48481
3007414,28.6751,-96.956,-1,48469
3007415,28.6751,-96.956,-1,48469
3007416,28.6751,-96.956,-1,48469
3007417,29.6753,-95.4794,77074,48201
3007418,29.6207,-95.4861,-1,48201
3007419,29.6948,-95.0406,77536,48201
3007420,30.2169,-95.6472,77354,48339
3007421,30.2169,-95.6472,77354,48339
3007422,29.425,-95.1872,77511,48167
3007423,29.425,-95.1872,77511,48167
3007424,29.425,-95.1872,77511,48167
3007425,29.9266,-95.6032,77065,48201
3007426,28.9606,-95.5583,-1,48039
3007427,29.7502,-95.6154,77077,48201
3007428,28.9913,-95.4075,77531,48039
3007429,28.9913,-95.4075,77531,48039
3007430,28.9913,-95.4075,77531,48039
3007431,30.2338,-95.4957,77384,48339
3007432,30.9537,-95.9053,77864,48313
3008001,31.1324,-96.1392,-1,48289
3008002,32.2675,-95.0777,-1,48423
3008003,31.1365,-95.9343,75850,48289
3008004,31.3408,-94.8262,75904,48005
3008005,31.3408,-94.8262,75904,48005
3008006,32.2183,-95.4134,75762,48423
3008007,32.1127,-95.3475,75757,48073
3008008,32.2714,-95.5214,75758,48213
3008009,30.3164,-95.85,77363,48185
3008010,31.2359,-96.2293,77865,48289
3008011,31.932,-95.9807,-1,48001
3008012,30.528,-96.0114,77830,48185
3008013,32.8164,-95.4247,75783,48499
3008014,31.0924,-95.4999,75851,48225
3008015,31.2305,-94.51,-1,48005
3008016,30.6613,-96.3226,77802,48041
3008017,32.0359,-95.4188,75759,48073
3008018,32.3219,-95.3022,75701,48423
3008019,32.3219,-95.3022,75701,48423
3008020,32.428,-95.662,75754,48467
3008021,31.8193,-94.5206,75946,48347
3008022,31.4653,-94.3673,75937,48347
3008023,31.3658,-94.7436,75904,48005
3008024,31.3658,-94.7436,75904,48005
3008025,31.8632,-95.4846,75779,48001
3008026,32.5379,-95.4357,75771,48423
3008027,32.2216,-95.2206,75791,48423
3008028,32.2503,-94.9365,75684,48401
3008029,32.6466,-95.6875,75140,48467
3008030,30.5924,-95.9178,77851,48185
3008031,30.5924,-95.9178,77851,48185
3008032,30.5924,-95.9178,77851,48185
3008033,30.5924,-95.9178,77851,48185
3008034,30.5924,-95.9178,77851,48185
3008035,30.5924,-95.9178,77851,48185
3008036,30.5924,-95.9178,77851,48185
3008037,30.9595,-95.7155,75852,48313
3008038,33.168,-95.6082,75482,48223
3008039,32.5352,-95.644,75790,48467
3008040,32.1586,-95.6437,-1,48213
3008041,31.7233,-94.6286,75963,48347
3008042,31.1869,-94.7587,75941,48005
3008043,31.8907,-96.1131,-1,48161
3008044,31.8907,-96.1131,-1,48161
3008045,31.8907,-96.1131,-1,48161
3008046,31.8907,-96.1131,-1,48161
3008047,31.8907,-96.1131,-1,48161
3008048,31.8907,-96.1131,-1,48161
3008049,31.8907,-96.1131,-1,48161
3008050,31.8907,-96.1131,-1,48161
3008051,31.8907,-96.1131,-1,48161
3008052,32.3042,-95.3908,75709,48423
3008053,32.244,-95.8076,75752,48213
3008054,31.4737,-96.0092,75831,48289
3008055,31.7793,-95.1927,-1,48073
3008056,32.4822,-95.1064,75792,48423
3008057,31.8206,-96.0544,-1,48161
3008058,31.8206,-96.0544,-1,48161
3008059,31.8206,-96.0544,-1,48161
3008060,31.8206,-96.0544,-1,48161
3008061,31.8206,-96.0544,-1,48161
3008062,31.7962,-94.8543,-1,48347
3008063,31.6317,-94.7407,75964,48347
3008064,31.7826,-96.0936,-1,48161
3008065,32.1666,-96.1188,75163,48213
3008066,33.2612,-95.4724,75437,48223
3008067,31.4219,-96.2525,-1,48293
3008068,31.4219,-96.2525,-1,48293
3008069,31.4219,-96.2525,-1,48293
3008070,31.4219,-96.2525,-1,48293
3008071,31.4219,-96.2525,-1,48293
3008072,31.946,-95.8135,75857,48001
3008073,32.8807,-95.7491,75440,48379
3008074,32.0178,-94.6197,75681,48401
3008075,32.0178,-94.6197,75681,48401
3008076,32.0178,-94.6197,75681,48401
3008077,32.0178,-94.6197,75681,48401
3008078,32.0178,-94.6197,75681,48401
3008079,32.0178,-94.6197,75681,48401
3008080,32.0178,-94.6197,75681,48401
3008081,32.4131,-95.4433,-1,48423
3008082,31.1803,-96.4866,-1,48395
3008083,31.1803,-96.4866,-1,48395
3008084,31.1803,-96.4866,-1,48395
3008085,31.1803,-96.4866,-1,48395
3008086,31.1803,-96.4866,-1,48395
3008087,31.1803,-96.4866,-1,48395
3008088,31.1803,-96.4866,-1,48395
3008089,32.4184,-95.2131,75702,48423
3008090,31.6067,-95.5833,75839,48001
3008091,31.8935,-96.4337,78166,48349
3008092,31.5573,-95.8637,75855,48289
3008093,33.242,-94.8578,75558,48449
3008094,30.5614,-96.2726,77845,48041
3008095,30.5614,-96.2726,77845,48041
3008096,32.715,-95.8545,79165,48467
3008097,31.8321,-94.9006,75788,48347
3008098,31.8321,-94.9006,75788,48347
3008099,31.8321,-94.9006,75788,48347
3008100,32.3015,-95.178,75707,48423
3008101,31.613,-95.0621,-1,48073
3008102,31.0031,-96.689,77837,48395
3008103,31.3295,-96.1528,-1,48289
3008104,30.3693,-96.0548,77868,48185
3008105,33.3349,-95.1615,-1,48159
3008106,33.3349,-95.1615,-1,48159
3008107,33.0244,-95.1971,75480,48159
3008108,32.7033,-95.9947,75169,48467
3008109,32.0943,-95.906,-1,48213
3008110,32.9893,-95.9129,75453,48231
3008111,31.3017,-94.6414,-1,48005
3008112,31.9398,-94.9898,-1,48073
3008113,31.9398,-94.9898,-1,48073
3008114,31.9398,-94.9898,-1,48073
3008115,31.9398,-94.9898,-1,48073
3008116,31.9398,-94.9898,-1,48073
3008117,31.9398,-94.9898,-1,48073
3008118,31.1889,-95.2557,75856,48225
3008119,31.9254,-94.704,75681,48401
3008120,30.7977,-96.3121,-1,48041
3008121,31.9451,-95.257,75766,48073
3008122,30.743,-96.5484,-1,48395
3008123,32.1275,-96.0142,-1,48213
3008124,33.0981,-95.8032,-1,48223
3008125,31.5091,-94.5272,75978,48347
3008126,33.0917,-95.0417,-1,48449
3008127,33.0917,-95.0417,-1,48449
3008128,33.0917,-95.0417,-1,48449
3008129,33.0917,-95.0417,-1,48449
3008130,33.0917,-95.0417,-1,48449
3008131,33.0917,-95.0417,-1,48449
3008132,31.4789,-96.2298,75838,48161
3008133,32.2351,-95.321,75703,48423
3008134,32.2351,-95.321,75703,48423
3008135,32.3624,-95.3153,75702,48423
3008136,32.9251,-95.5682,75497,48499
3008137,31.3908,-95.1267,75858,48225
3008138,32.3626,-95.0867,75705,48423
3008139,30.6091,-96.326,77840,48041
3008140,30.6091,-96.326,77840,48041
3008141,30.8719,-96.5269,-1,48395
3008142,33.1765,-95.3586,75478,48223
3008143,30.7261,-96.0964,-1,48185
3008144,31.7652,-96.3299,75848,48161
3008145,33.0142,-95.4609,75431,48223
3008146,32.2394,-94.7283,-1,48401
3008147,32.1245,-96.1013,-1,48213
3008148,32.1245,-96.1013,-1,48213
3008149,32.1245,-96.1013,-1,48213
3008150,31.1384,-94.3752,75980,48005
3008151,31.4174,-95.4817,75849,48225
3008152,30.6474,-96.3723,77801,48041
3008153,32.5181,-95.8889,-1,48467
3008154,32.4696,-95.3079,75706,48423
3008155,31.0919,-96.695,-1,48395
3008156,31.0919,-96.695,-1,48395
3008157,31.0919,-96.695,-1,48395
3008158,30.7217,-96.4608,-1,48041
3008159,30.7217,-96.4608,-1,48041
3008160,30.7217,-96.4608,-1,48041
