busid,res,bus,oth,tot
3001001.0,11913.237684449488,1680.24737041241,390.440711312902,13984.004388951947
3001002.0,4230.35427574171,75.97425828970331,68.57853403141361,4374.907068062827
3001007.0,906.0,995.0,246.0,2149.0
3001012.0,499.09999999999997,38.33333333333333,0.0,538.1999999999999
3001013.0,10633.0,1092.0,371.0,12097.0
3001014.0,429.8905098945544,53.519861331792576,20.55496172179691,504.0294669940777
3001015.0,2061.6457242582896,37.02574171029668,33.42146596858638,2132.0929319371726
3001016.0,1361.0,77.0,0.0,1438.0
3001017.0,6782.181745255823,719.5131733975084,208.31400566543834,7710.10087488406
3001018.0,25.886189867388637,2.746233486250032,0.7950916246772456,29.42786593467199
3001019.0,35418.663337116915,4995.461142640938,1160.8001513431707,41575.158380628076
3001024.0,23312.362989145422,2473.1794139028852,716.0368002807651,26501.895264596023
3001027.0,4671.1637693631665,332.7213425129088,60.96987951807229,5065.725989672977
3001028.0,628.0,63.0,13.0,705.0
3001029.0,47687.348921679906,6725.841013999243,1562.8902005297011,55976.3948543322
3001030.0,7829.0,837.0,570.0,9237.0
3001031.0,13608.0,1427.0,913.0,15949.0
3001036.0,2633.5634840387115,327.8694207713419,125.92228802542249,3087.7480860898454
3001037.0,37808.62931488306,4011.0701662029032,1161.2881101000225,42981.50018801234
3001040.0,6293.0,6293.0,6293.0,18879.0
3001044.0,1513.0,22.0,28.0,1563.0
3001045.0,56504.75005675369,7969.450472947408,1851.8689368142263,66326.44237608778
3001046.0,1171.0,1171.0,1171.0,3513.0
3001054.0,691.8362306368331,49.27865748709122,9.030120481927712,750.2740103270224
3001055.0,997.5890533871691,105.61552265589951,54.905787348586806,1158.1996410946613
3001058.0,2606.453271703019,324.4942943810487,124.62602917810197,3055.962444027156
3001064.0,45766.78368554311,4855.3408036900555,1405.7219924293702,52028.46697250007
3001067.0,32594.0,3066.0,878.0,36540.0
3001068.0,3106.0,506.0,9.0,3622.0
3001071.0,33822.15607530521,3588.150209320398,1038.8439998997267,38449.60883407285
3001083.0,7736.092734363716,963.1164235158169,369.8967210746786,9070.260002888921
3001085.0,4342.0,3816.0,-272.0,7886.0
3001086.0,0.0,181.0,0.0,181.0
3001087.0,151.89999999999998,11.666666666666666,0.0,163.79999999999998
3001089.0,10176.410946612832,1077.3844773441006,560.0942126514133,11814.800358905339
3001091.0,4947.0,439.0,180.0,5566.0
3002001.0,13492.264377682406,1251.708154506438,1190.7193133047213,15935.011158798285
3002007.0,3005.08170310702,173.82048331415425,106.48791714614501,3285.4815880322217
3002008.0,2465.0,323.0,87.0,2876.0
3002009.0,13631.318875791114,1420.5405081136205,586.178409670356,15638.272593659078
3002010.0,1087.0,16.0,30.0,1134.0
3002014.0,2498.0,352.0,88.0,2939.0
3002015.0,1588.7600109709274,150.67343207167676,35.37438288535382,1774.8507039678188
3002016.0,22608.074009508713,2033.6398573692547,665.2554675118857,25306.969334389854
3002020.0,16706.549986502294,1741.0150274453342,718.4204985152523,19166.273283541796
3002022.0,3225.1980191482344,299.2089798613404,284.6301749752394,3809.113502806207
3002025.0,13798.488856894326,1437.9615465370885,593.3671075917093,15830.055190617593
3002026.0,766.0,26.0,20.0,813.0
3002027.0,990.4371079564213,91.88511059755695,87.40805546384945,1169.7537140970617
3002028.0,3856.0349440349437,208.37128037128036,36.15397215397215,4100.948948948949
3002029.0,1407.0,68.0,11.0,1487.0
3002030.0,14852.15957038742,859.0813195243577,526.300345224396,16237.993383199082
3002031.0,273.0,0.0,9.0,283.0
3002032.0,934.6378342687356,86.70848464839882,82.48365797292837,1103.8520964014526
3002033.0,4274.52397391638,247.2477943996932,151.47180667433835,4673.373705408517
3002034.0,1742.8484944532486,156.77258320126782,51.284310618066556,1950.905388272583
3002035.0,3370.0,127.0,185.0,3682.0
3002036.0,14484.582321005428,1509.4603917334052,622.8707219772638,16617.162932301508
3002037.0,1185.641799232035,112.44285975498263,26.398793198025235,1324.5154507222528
3002038.0,818.9950134253934,47.37245876486384,29.021864211737636,895.414269275029
3002039.0,1687.7202891242225,140.47201210287443,37.38443435871575,1865.5767355858127
3002040.0,8676.087167070218,413.47699757869253,144.75544794188863,9235.089588377725
3002043.0,1383.8347596407818,124.47860538827258,40.720126782884314,1549.0334918119388
3002044.0,8942.705758055994,804.4136291600634,263.1442155309033,10010.263602746962
3002045.0,7874.402651549235,820.6034974054409,338.6176250037493,9033.759410900146
3002046.0,7222.703592181721,649.6961172741679,212.5321711568938,8084.931880612783
3002047.0,4882.586793449551,439.19809825673536,143.6729001584786,5465.457791864766
3002048.0,1878.0,187.0,73.0,2139.0
3002049.0,10904.0,1340.0,306.0,12551.0
3002050.0,367.6834622621786,25.098891908843825,16.37549655028225,409.3108927451391
3002051.0,4833.583128583128,261.19574119574116,45.319410319410316,5140.585585585585
3002052.0,3154.0,135.0,18.0,3307.0
3002053.0,8842.318709026727,735.9621785173979,195.86485123550176,9774.145738779627
3002055.0,17281.196796544584,1800.899847026005,743.1316476199045,19825.525960586696
3002060.0,1060.1862000660285,98.35589303400462,93.56355232750083,1252.1307362165733
3002063.0,21416.801162176438,1926.4825673534074,630.2015847860539,23973.4853143159
3002064.0,2803.913502806207,260.12545394519645,247.4509739187851,3311.5562892043586
3002065.0,26544.826110806363,2517.434997257268,591.0312671420735,29654.008776741633
3002066.0,1241.0,55.0,50.0,1348.0
3002067.0,6032.802931596091,277.61441368078175,82.77157980456026,6393.921416938111
3002068.0,643.85667752443,29.62866449511401,8.833876221498372,682.3973941368079
3002069.0,7154.164606444797,643.5309033280507,210.51537242472267,8008.210882197571
3002072.0,3169.112150026413,285.06774960380346,93.25293185419969,3547.4328314844165
3002079.0,1280.0,60.0,21.0,1363.0
3002080.0,5139.04757102034,427.73222390317704,113.83425785846362,5680.614052781981
3002081.0,1404.8914461066363,81.26198695818951,49.7836593785961,1535.979861910242
3002082.0,20558.424967755476,2142.424787786076,884.0600797864362,23585.263955127622
3002086.0,664.7675239536056,55.32980332829047,14.725163893091276,734.8224911749874
3002087.0,759.0,8.0,18.0,786.0
3002090.0,1320.5113801452785,62.931719128329306,22.031961259079907,1405.5922518159807
3002091.0,1172.0,1172.0,1172.0,3518.0
3002092.0,7868.928314844163,707.8252773375594,231.54770206022187,8808.301294241945
3002106.0,4699.81616481775,422.757527733756,138.29477020602218,5260.868462757528
3002107.0,24200.789487585844,2176.9076862123616,712.1220285261489,27089.819202324354
3002108.0,763.2869318181819,84.96164772727273,26.142045454545457,874.5426136363637
3002109.0,11775.035543957527,1227.094393953028,506.353909835328,13508.686673265545
3002110.0,2909.9037301151952,275.96690437008596,64.79018102029622,3250.739349058329
3002111.0,1559.340390879479,71.75692182410424,21.394543973941367,1652.6811889250814
3002112.0,1229.3819273819274,66.43297843297843,11.526617526617526,1307.4654654654653
3002114.0,19747.362958071975,1832.0079234070654,1742.744272036976,23322.582502476067
3002121.0,1271.4014527845038,60.59128329297822,21.21259079903148,1353.3181598062956
3002122.0,2116.787111622555,122.43958573072501,75.01035673187575,2314.301495972383
3002124.0,6948.547649234019,625.0352614896988,204.46497622820917,7778.0478869519275
3002125.0,1325.0870575805598,119.19413629160061,38.99144215530903,1483.2726360274694
3002126.0,4823.86834887548,457.48180654598644,107.40537575425124,5388.885719509965
3002129.0,2088.4372842347534,120.7997698504028,74.00575373993098,2283.306386651324
3002132.0,4258.713068181818,474.03835227272725,145.85795454545456,4879.457386363636
3002133.0,1724.1459068751053,143.50378214826023,38.1912926542276,1905.840981677593
3003002.0,38464.310139165005,4163.3797216699795,1306.3538767395626,43934.87475149105
3003005.0,3229.0,163.0,18.0,3411.0
3003006.0,1148.6670465503635,112.11536775664064,19.78127465591303,1280.5636889629172
3003007.0,5230.11057972705,638.0205295695789,204.42832147439637,6072.646681441735
3003008.0,4348.687246647957,490.4627377611474,163.07577174929838,5002.8434674150285
3003009.0,2493.0,-47.0,1291.0,3737.0
3003010.0,892.2006172839507,25.463991769547327,5.284979423868314,923.4300411522635
3003011.0,8251.932084665754,580.656311862342,241.3546520481194,9074.769605603777
3003012.0,200.29247311827956,26.408602150537636,5.1956989247311824,231.91397849462365
3003013.0,22570.584159570746,2753.3827131692524,882.2120611221276,26206.555464831446
3003014.0,6689.112227805695,470.6867671691792,195.64489112227804,7356.113902847571
3003015.0,1533.022381378693,181.0259623992838,65.38048343777977,1779.6687555953447
3003021.0,303.18558779696673,29.592355571140523,5.221179977206977,337.9991233453142
3003022.0,6562.417001094491,624.3940167821962,170.45238963881795,7357.263407515505
3003023.0,1626.8876128692907,158.79196984307882,28.01674410449724,1813.6963268168668
3003024.0,2622.0,69.0,69.0,2761.0
3003025.0,2718.0508091832894,328.2446368084306,59.68084305607828,3107.0052691004894
3003029.0,1541.1255740300871,100.17624703087886,38.86745843230404,1680.32351543943
3003030.0,59169.64542747767,5480.132028923862,1566.4614206720544,66217.34240748618
3003031.0,5149.701125626969,628.2113904117579,201.28537268167503,5979.283797970372
3003032.0,25472.316633617167,3107.36469147323,995.6315175551148,29575.73778140674
3003035.0,689.9514490026345,83.32179149416635,15.149416635302973,788.6838539706436
3003036.0,1583.4085335948996,147.631191760667,53.003106097760345,1784.137649174432
3003040.0,3737.0495635032385,412.6676992396508,129.19008729935229,4279.318783441284
3003042.0,3145.0,83.0,94.0,3323.0
3003049.0,1653.4554221092312,161.3851144034365,28.474270184974138,1843.3148066976416
3003051.0,43170.89261790841,4199.804579630896,1316.8457963089543,48688.53609022557
3003052.0,2753.7801340107503,298.069361608129,93.52595537883808,3145.434945880274
3003066.0,1554.849528936743,46.25410497981157,74.12516823687753,1675.821803499327
3003069.0,1332.0000874839611,162.490522570862,52.063630001166445,1546.576460982153
3003072.0,1529.6068713038583,168.9084764854971,52.8786257392284,1751.5623767952693
3003075.0,1092.6718547341115,9.478599221789883,15.797665369649806,1118.4747081712062
3003076.0,3494.0,87.0,87.0,3669.0
3003077.0,24003.970080485244,2928.241280765193,938.2385396010731,27870.85034410358
3003093.0,964.7993827160494,27.536008230452676,5.715020576131688,998.5699588477368
3003099.0,4223.2443718651575,515.1930479412108,165.07313659162486,4903.581010148139
3003100.0,1333.0788989217147,130.11484176382922,22.95704392039975,1486.1507846059435
3003101.0,1874.997741814076,226.4335716974031,41.16974030861874,2143.310876928867
3003102.0,11761.725431752433,1148.0003506618743,202.54948715700885,13112.275269571315
3003103.0,11245.977618621308,1327.9740376007162,479.61951656222027,13055.331244404655
3003107.0,5067.909726824239,548.5509167218909,172.1201678815993,5788.690302628672
3003108.0,7442.971971496438,483.8080760095012,187.71306413301664,8115.238004750594
3003114.0,44842.49030199915,4153.189791578052,1187.1632922160782,50183.679710761375
3003115.0,2686.531948881789,169.86900958466452,37.49361022364217,2894.6597444089457
3003123.0,20469.273313165853,2190.7466789425225,577.8843877416808,23238.773378929367
3003124.0,23083.70752688172,3043.5913978494623,598.8043010752688,26728.086021505376
3003125.0,31905.0729616237,3892.095824098915,1247.0674209728215,37044.768459115825
3003126.0,3085.7266868341444,330.2533210574773,87.11561225831909,3503.2266210706302
3003128.0,752.5829989055089,71.60598321780371,19.54761036118205,843.7365924844946
3003130.0,438.0,438.0,438.0,1315.0
3003132.0,674.7327052489904,20.072139973082095,32.16689098250336,727.229071332436
3003136.0,14492.0,1741.0,428.0,16662.0
3003138.0,982.3281452658885,8.521400778210117,14.202334630350194,1005.5252918287937
3003139.0,3816.3435651929035,421.42382427485217,131.93128696141932,4370.118839763447
3003140.0,48.29435609603991,5.446835048331774,1.811038353601497,55.55908949173683
3003142.0,3224.864270523182,298.6781794980859,85.3752871118673,3608.9778817524457
3003143.0,1262.238852510134,142.36046149048954,47.33395696913003,1452.1125662613033
3003144.0,392.4177658142664,11.673755047106322,18.707940780619108,422.9491251682368
3003145.0,824.4680511182108,52.13099041533546,11.506389776357828,888.3402555910543
3003146.0,3825.0,452.0,117.0,4396.0
3003147.0,10999.902454473477,715.01567695962,277.4194774346793,11993.438479809976
3004002.0,300.1073820915926,29.195420369104582,9.154203691045797,338.4639097744361
3004003.0,43955.44474992688,3885.628415866088,2287.8234616509553,50128.95390465049
3004005.0,51786.050601772244,6199.590160031741,2295.2681126835073,60281.12596217431
3004006.0,867.6229996032271,103.86787461975929,38.4549001454834,1009.9494114535114
3004007.0,63420.983445451886,5606.367466870655,3300.9793146894053,72328.41286926002
3004008.0,11675.347196691177,911.7904411764706,283.9391084558824,12871.325597426472
3004011.0,4548.0,516.0,118.0,5184.0
3004012.0,4744.660310032174,419.42442009584454,246.9533691812721,5411.044281953788
3004013.0,31890.05674173735,2819.057146714064,1659.8357819425385,36368.991225504535
3004015.0,51304.52746037597,3920.145779579801,2086.228345005529,57312.865093991895
3004016.0,2245.950137867647,175.39828431372547,54.620481004901954,2476.0167738970586
3004017.0,27069.89635273048,2946.3798125669236,802.4934474230322,30818.85447877875
3004018.0,627.694598540146,75.98627737226278,12.924963503649634,716.7100729927007
3004019.0,38963.973263433814,3613.8256880733943,1841.4698558322411,44419.26880733945
3004020.0,35608.58072035706,3875.759331381301,1055.6247548113827,40540.076441993355
3004021.0,11039.795495758994,975.9096586946251,574.6069296015479,12590.326469727992
3004022.0,1754.1759555614335,210.0019574130406,77.74881629414098,2041.9340827932813
3004023.0,1684.803656446391,194.36335936012185,84.41363549800036,1963.6770139021135
3004027.0,22487.065457736182,1987.8397552140752,1170.422372713569,25645.35688797894
3004031.0,839.8803994426381,42.78913144449605,22.352531351602412,905.0859266140269
3004032.0,18891.0,-1078.0,12523.0,30337.0
3004033.0,39831.7831636027,4768.479698452586,1765.4295066790107,46365.859344002114
3004034.0,12997.744837671833,1148.9909150223862,676.5156343510248,14823.268324071365
3004035.0,23926.451488188304,2604.2365560830467,709.3052847030731,27240.068340108595
3004036.0,10967.0,728.0,143.0,11839.0
3004037.0,10276.913656132212,730.7820237750072,161.71133661930995,11169.740098579297
3004038.0,25673.167023554604,2637.2387580299787,684.9507494646682,28997.140256959316
3004040.0,77924.31190406553,6888.450847076294,4055.8586091299753,88868.72290143318
3004042.0,74305.38613629717,6568.540517920221,3867.498251850519,84741.52173150044
3004043.0,754.3653042266604,38.432419879238275,20.07663725034835,812.9317231769624
3004048.0,4523.657209710442,399.8879114450919,235.45044659932054,5159.001462415911
3004051.0,27018.513119367773,2940.7870862590144,800.9701793785713,30760.355089973567
3004053.0,0.0,7.294736842105263,0.0,7.294736842105263
3004054.0,1725.9271948608136,177.29336188436832,46.04710920770878,1949.387580299786
3004055.0,5374.081701111522,584.9333750272433,159.3159166500839,6118.347840918783
3004064.0,2665.8830485828807,290.16380021036474,79.03073030673451,3035.085936833727
3004066.0,66138.63094472067,5846.605471685379,3442.429315814341,75427.75191576485
3004067.0,45742.43669724771,4242.51376146789,2161.8256880733943,52146.77614678899
3004068.0,9665.432465633226,854.4169955227575,503.0731297950368,11022.935185726821
3004069.0,1281.5582909287318,139.48917379727285,37.992097108906385,1459.043579611678
3004071.0,80736.29003160895,7488.119266055044,3815.664366664096,92040.0736643281
3004072.0,15629.570571680362,1701.1757493058915,463.3422975239504,17794.13761833016
3004078.0,25410.520169428884,2765.767651211492,753.3008499872075,28929.66833442306
3004079.0,59121.782509505705,5226.321322023984,3077.2115238373794,67425.39239543726
3004086.0,5699.875938632334,528.651376146789,269.3808881350705,6497.908202914193
3004087.0,628.6889729084345,68.42865129677536,18.637632543991813,715.7572277340307
3004088.0,73386.84200058496,6487.341903840529,3819.689229869283,83693.96876279614
3004089.0,2969.729160573267,262.52183499448785,154.5705221949738,3386.8253875402165
3004099.0,5428.300144969556,386.0015076833865,85.41646854160625,5899.894056248188
3004100.0,15294.068283253262,1664.6585363542467,453.396253233647,17412.17102083748
3004101.0,40428.07678878455,4839.865255918528,1791.8585107789972,47059.97003041925
3004102.0,6933.366957058051,643.0550458715595,327.67670187340985,7904.098704803021
3004103.0,65568.85732670371,5796.237910320157,3412.7733435327473,74777.95402164376
3004106.0,10771.532032996683,999.0366972477062,509.0715827615449,12279.640313005933
3004107.0,40871.76086575022,3613.033068598556,2127.3217449996628,46612.16893828605
3004108.0,10140.937779066395,721.1129022905188,159.57170194259203,11021.95105827776
3004109.0,33507.91323876397,3647.1155205579407,993.3499729937176,38148.483782016665
3004110.0,16451.327885282553,1525.8256880733945,777.5034692776193,18754.657042633567
3004111.0,29856.219813429958,2769.1009174311926,1411.0298357875258,34036.350566648674
3004112.0,0.0,370.7052631578947,0.0,370.7052631578947
3004117.0,6788.159696691177,530.1237745098039,165.0849417892157,7483.51309742647
3004118.0,6528.132244897959,364.8457142857143,87.81224489795919,6981.356734693878
3004119.0,17769.758599746012,1311.0850311965105,637.5929545580034,19718.743415603778
3004120.0,14060.870682548259,1530.4331049644181,416.8378201665862,16008.185689513037
3004121.0,1178.9879269138848,109.34862385321101,55.71995220106391,1344.0565029681597
3004122.0,50454.317168762806,4460.123873377282,2626.081278826468,57540.58806668618
3004123.0,27354.01540779487,2977.304299210659,810.9162236688746,31142.321687466247
3004124.0,6188.0,1025.0,-251.0,6963.0
3004125.0,1386.9057815845824,142.46788008565312,37.00214132762313,1566.4721627408994
3004126.0,36540.019983039085,3389.0091743119265,1726.9118032534113,41655.94096060442
3004127.0,30312.747322720694,3042.728123492523,710.7839845634346,34067.1015918958
3004128.0,39495.10319695213,2914.0203743581246,1417.115454696041,43826.92098724532
3004129.0,4014.9430181590487,209.01502817783344,47.520976831559175,4272.2517219787105
3004130.0,2056.275516593613,107.04821540388227,24.338134001252346,2188.057608015028
3004132.0,11017.81679680061,1271.04418206056,552.0251380689392,12841.516282612836
3004139.0,4994.867755102041,279.1542857142857,67.18775510204081,5341.643265306122
3004143.0,4781.379546752999,551.5924585793182,239.56122643306034,5572.80670348505
3004144.0,5681.252677279304,570.271876507477,133.21601543656536,6384.898408104196
3004145.0,17841.46639605683,1268.690518991012,280.7425920556683,19391.47776167005
3004147.0,61093.2791429705,7313.809178680068,2707.7843142441475,71115.1287395847
3004148.0,625.0,85.0,10.0,721.0
3004149.0,5394.305401459854,653.0137226277373,111.07503649635036,6159.289927007299
3004150.0,3787.246553145521,412.21682728297844,112.2738152770276,4311.749068993945
3004154.0,9088.752500731209,803.4389182621999,473.05769118275697,10365.260953495173
3004155.0,6716.422345715121,593.7267082142777,349.5810065921209,7659.73881251828
3004156.0,32646.488444153856,3553.35510892534,967.8128322483442,37167.758734400326
3004157.0,36144.36642293068,3195.1349382410513,1881.2670416451053,41220.81550160866
3004159.0,10935.56107683998,1190.2637518833328,324.18728146231916,12450.046393950593
3004164.0,649.1382033018606,47.89459444536469,23.291590745955492,720.3355971509026
3004167.0,1142.5469594594592,101.2368243243243,21.52702702702702,1265.3706081081077
3004168.0,2680.9957642777954,291.8087197126911,79.47875031981124,3052.291639423487
3004169.0,9904.7691504784,704.3191649753551,155.8554943461873,10765.264830385619
3004170.0,10838.83969639253,1179.7362670684445,321.3199533786281,12339.929897376127
3004171.0,48086.06963225656,4459.880733944953,2272.587734176239,54818.53810037776
3004172.0,15204.184053308825,1187.3762254901962,369.75880821078437,16761.64315257353
3004173.0,21869.0,1560.0,384.0,23813.0
3004174.0,6885.1847426470595,537.7009803921569,167.44454656862746,7590.477022058823
3004175.0,996.9777013622537,119.35363047215976,44.18817616717366,1160.5236873429442
3004178.0,1731.4041386871318,73.93641222420173,19.14211319720433,1824.4826641085378
3004179.0,4320.781465247339,224.93675641828426,51.140889167188476,4597.690670006262
3004180.0,3252.256417545555,353.9866769006263,96.41390681411148,3702.667197316428
3004182.0,8115.612873296607,577.0938822847202,127.70240649463611,8820.672194839082
3004185.0,11556.754296330702,588.7784486762657,307.5708313980492,12453.982350209011
3004186.0,7974.160135135135,706.5605855855855,150.24324324324323,8831.381306306306
3004187.0,6510.0,728.0,261.0,7499.0
3004188.0,953.4725396240325,72.85422042019904,38.77165499447107,1065.1349060081093
3004189.0,8535.0,1062.0,327.0,9924.0
3004190.0,41791.03364634307,5003.032244412115,1852.2676630075387,48646.50874222986
3004191.0,9990.292905405404,885.20259009009,188.2297297297297,11064.248085585585
3004193.0,51123.89983810038,4741.633027522936,2416.1581219643817,58281.69098758769
3005003.0,34882.12702323032,4129.000053554581,2121.8405309318905,41132.96760771679
3005004.0,3636.3650717703345,340.6320574162679,73.51196172248802,4050.668899521531
3005005.0,5869.917317409278,541.6456132292144,117.57923748277445,6529.142168121267
3005006.0,30753.610581286925,3640.3072453857226,1870.7075219470794,36264.625348619724
3005007.0,30380.576297726722,1973.8343472344511,782.7211988713678,33137.20393420315
3005008.0,870.1826484018264,49.45205479452054,34.41400304414003,954.337899543379
3005009.0,19239.807478142175,2277.4174881802282,1170.3358366667626,22687.560802989163
3005010.0,55499.78438363796,4641.920521116801,1362.8240802245602,61504.52898497932
3005011.0,2025.1080430652314,183.37935402153263,49.9333755541482,2258.517542748575
3005012.0,34289.361062194825,2227.7891619306806,883.4266189065876,37400.65820859681
3005013.0,5279.848455125061,492.2736635605689,176.737943436325,5949.176230178192
3005014.0,22105.950420540063,1837.4189169248932,579.2388962667848,24522.953224140478
3005016.0,66549.11257880875,6687.520586759126,3680.5941576035325,76917.2273231714
3005017.0,5839.985867085567,379.42547826783,150.4606329544545,6369.885836068198
3005022.0,51517.153610356254,5176.958970452086,2849.2300985996876,59543.34267940803
3005024.0,16102.466251441754,995.8471972318339,928.6586389850058,18027.441937716263
3005025.0,17950.630372578238,1396.4301639344258,579.9224441132636,19927.093949329355
3005026.0,26122.253231834235,2625.025330781858,1444.7286958886464,30192.00725850474
3005027.0,27231.65000809832,2736.5086172248507,1506.0854763918626,31474.244101715034
3005028.0,3434.7218073076933,345.1552080271463,189.96221778313662,3969.839233117976
3005029.0,4946.138668526773,351.48714280647414,287.3525531135098,5585.008559639644
3005030.0,22758.232992725643,1740.2215798792586,669.2898649657615,25167.91426499136
3005031.0,17561.596074481986,1468.826124408065,431.2334954680837,19461.655694358134
3005032.0,14475.898542903396,1713.5132218024821,880.5526173772259,17069.964382083104
3005034.0,16989.84275550685,2011.088991237646,1033.4730146698357,20034.40476141433
3005043.0,28907.29671444881,2291.021184828111,444.9004186223519,31643.218317899275
3005044.0,8273.18503762727,687.6567802862625,216.78102405194042,9177.751955142394
3005046.0,27359.05067598639,2560.8774947116713,733.3002851099053,30653.228455807966
3005048.0,44488.4411624441,3460.881311475409,1437.2668256333827,49386.86432190759
3005050.0,29484.94286446323,2157.967717140661,1395.2805534204458,33038.52216243915
3005053.0,63339.48650281771,5297.621701772054,1555.3317619833292,70192.43996657309
3005054.0,5611.457758074732,508.1336288790374,138.36250791640282,6258.222039265359
3005056.0,11170.987278265544,1482.515678193872,305.47930478408887,12959.706145851997
3005062.0,17246.561695685086,975.0168054504163,274.6028766086298,18496.40211960636
3005064.0,28311.658790289188,2845.0387040269693,1565.8169117161858,32722.514406032344
3005070.0,22914.033635024145,2712.335920431622,1393.834878863654,27020.20443431942
3005071.0,29208.488760414893,2692.583523210338,828.8071246386669,32730.005424247574
3005072.0,29990.695468083737,2508.377758254944,736.43604962609,33235.509275964774
3005073.0,2410.6029916625803,224.7557626287396,80.69265980055584,2716.1957658983165
3005074.0,13175.342852857357,1101.9663416829158,323.5269236538173,14600.836118194089
3005075.0,1582.532556908417,140.24563260984647,70.64690312334568,1793.8443620963471
3005077.0,7278.317401888024,506.40841892774444,75.25319123671554,7859.979012052484
3005078.0,28006.632584247178,1819.5985752021134,721.5592231649724,30547.856839830307
3005079.0,15051.574494133649,1387.5288726407073,427.09680326475086,16866.265107974832
3005080.0,6440.224480968858,483.54552335640136,101.26394896193771,7025.440635813148
3005081.0,34793.39362519655,2472.520754761595,2021.3688211579158,39287.49560786447
3005082.0,37550.509427058016,3773.4508411267266,2076.7848023307192,43400.74507051546
3005084.0,92948.76864728192,7774.098609355246,2282.402022756005,103005.26927939316
3005085.0,15746.683529494152,1863.9361382202571,957.853037986677,18568.472705701086
3005086.0,33810.88718124066,3397.6561868255135,1869.9596283165665,39078.50299638274
3005087.0,1523.2713625376362,117.7910818031466,38.18073873033374,1679.2431830711166
3005090.0,33378.05783620261,3950.9632684224316,2030.3496949448586,39359.3707995699
3005091.0,1657.9833902939165,155.3095693779904,33.51742993848257,1846.8832535885167
3005092.0,4247.785484351713,330.44721311475405,137.2311773472429,4715.490134128167
3005093.0,17625.44944541424,1771.181484614169,974.8007710411651,20371.431701069574
3005094.0,981.0900301089861,75.86544251728087,24.590984266994617,1081.5464568932616
3005095.0,13594.306451612903,883.2258064516129,350.241935483871,14827.806451612903
3005096.0,25596.15065246737,2140.824478776061,628.5258737063145,28365.501004949747
3005097.0,30332.083382823126,3048.071179337055,1677.5593927650896,35057.71395492527
3005098.0,57387.40542648213,5766.860598716663,3173.892798083594,66328.15882328239
3005099.0,28516.84073581205,1852.7469382854397,734.7041593292242,31104.359501320734
3005100.0,6891.092499749389,815.6991482075003,419.1774016140526,8125.969049570943
3005101.0,12553.0,933.0,262.0,13749.0
3005103.0,71977.38442165856,8519.968519517897,4378.303291958985,84875.65623313544
3005104.0,29027.991145823948,2917.0229452732724,1605.4347004517062,33550.44879154893
3005105.0,32312.931289470747,3824.8841573186446,1965.5592457866958,38103.374692576086
3005108.0,12314.950159908487,1457.7215958167,749.1045591427969,14521.776314867984
3005109.0,16569.317288929713,1961.311359476208,1007.8929237918289,19538.52157219775
3005110.0,1059.5297163704836,87.32587972225491,40.12051312227845,1187.0165940920324
3005111.0,11430.925821410572,1353.079567004335,695.3303535014397,13479.335741916346
3005112.0,3512.7441337642263,153.3722073907545,58.465645637206684,3724.5819867921873
3005113.0,9099.41480228928,591.1914672216441,234.43613423517166,9925.063995837667
3005114.0,22417.532506085616,1559.759840883453,231.78308496111146,24209.075431930178
3005115.0,8092.384473481938,592.2719446579555,382.9461952344351,9067.693466564182
3005116.0,58687.90227345775,4908.570022927424,1441.1098587927745,65037.58215517795
3005117.0,47123.648496409725,4735.455624141426,2606.240994355162,54465.34511490631
3005118.0,3501.3926380368102,187.32822085889572,54.65950920245399,3743.9110429447855
3005119.0,581.9934640522877,58.81045751633987,10.137254901960786,651.0849673202615
3005121.0,20928.292790583622,1951.2770966159883,700.5548471472945,23581.377963053787
3005122.0,19951.938195265495,2361.712455834634,1213.6539467667449,23527.304597866874
3005124.0,4570.316176470587,343.1488970588235,71.86213235294117,4985.615808823529
3005125.0,24950.40696816455,2507.2664951020083,1379.9180568802822,28837.59152014684
3005126.0,53167.31099695287,6293.418684232568,3234.1076941456595,62694.837375331095
3005127.0,958.9175214275677,41.86792187719544,15.96009554587607,1016.7455388506393
3005128.0,27782.306554668925,3288.5937596552726,1689.9664418747395,32760.866756198935
3005129.0,4594.0,122.0,122.0,4839.0
3005130.0,41370.90822173177,3460.202052754505,1015.8826844372066,45846.99295892348
3005132.0,39708.546303630756,2821.805942092383,2306.921201659908,44837.51586016103
3005133.0,7975.217271474506,735.9118052365641,159.75011483693154,8870.879191548001
3005134.0,7170.930596285435,837.7953730856956,195.16324535679374,8205.64744216357
3005135.0,8516.317157050058,932.4935040122278,243.53419946503632,9692.871990829195
3005136.0,1199.4919506585825,81.87999163704788,53.42170186075685,1335.2929123980766
3005138.0,41398.72701921442,3816.3402142492773,1174.7119197415404,46389.957762285325
3005139.0,26514.591097031283,3138.534183615318,1612.8527372570986,31265.9780179037
3005140.0,2735.39538638985,169.1688581314879,157.75524798154558,3062.399307958478
3005141.0,18813.626767233065,1573.5441342218603,461.97771539994426,20849.148616854873
3005142.0,6015.1553267205,427.454606717662,349.4585082108698,6792.105162976012
3005143.0,32124.751021289605,3228.2163574303686,1776.705448677572,37129.672827397546
3005144.0,28940.484815507567,2667.8775888454347,821.2023635436151,32429.689627614353
3005145.0,36177.46824144602,4282.329692994922,2200.6346794758233,42660.43261391676
3005146.0,27855.97524954375,3297.3139287229696,1694.4476256781861,32847.73680394491
3005147.0,44824.35711928689,3749.0434506846086,1100.6837943817095,49674.08436435321
3005148.0,25602.940997955306,3030.622091402566,1557.3980876894489,30190.96117704732
3005149.0,28070.842276261996,3322.7477551704196,1707.5177451049049,33101.10777653732
3005150.0,543.6348039215686,54.93431372549019,9.469117647058823,608.1725490196078
3005151.0,1313.8895602079529,57.36658704510327,21.86820289447801,1393.124350147534
3005152.0,18717.98755611215,2215.6496239507073,1138.5941180590169,22072.23129812188
3005153.0,7554.599822930501,627.9288770842556,197.9520436771433,8380.59864246717
3005154.0,4040.310352778418,323.90976865728993,66.93736069479671,4431.277226961801
3005155.0,986.0694037145649,115.20462691430433,26.836754643206255,1128.3525578364288
3005156.0,1698.069151544875,158.32172633643944,56.84126205656368,1913.333823769822
3005157.0,45008.50303956584,5327.659959985113,2737.816587913966,53073.97958746491
3005158.0,51626.40746248775,6111.021814566569,3140.3762662569043,60877.80554331122
3005159.0,2489.7863321799305,186.93836505190308,39.148572664359854,2716.0304930795846
3005160.0,25025.49900444249,1625.9135115664772,644.7536870647563,27296.225586328343
3005161.0,61283.14554899625,7254.090643190533,3727.7847764920093,72265.0209686788
3005162.0,2636.6858697500425,243.06279544295188,74.817429008672,2954.577469818058
3005163.0,5867.971873780783,416.9953182081506,340.9076883061608,6625.910703096367
3005165.0,23414.75922016329,1521.2633074521732,603.2547976867045,25539.332886416392
3005168.0,38574.770353831,4566.098528072899,2346.459869079644,45487.32875098354
3005171.0,274.88632695411576,22.037506725078778,4.554146491430328,301.48612712320346
3005172.0,21223.102843612003,1622.8369562898647,624.143695202338,23470.241867013672
3005173.0,56532.08783560822,4728.2608669566525,1388.172791360432,62648.521493925306
3005174.0,1120.2914456997923,89.81323495503803,18.560295134885862,1228.698178464376
3005175.0,50038.3482200032,3251.005162891219,1289.181466621308,54578.653586008164
3005176.0,2248.420619042015,185.31364010827352,85.13946098623043,2518.9596328115804
3005177.0,33568.43623013658,3373.2922897883027,1856.550530590698,38798.279050515586
3005178.0,35639.59812254217,2824.5835341874918,548.5145249270581,39012.69618165673
3005180.0,27485.81845522898,2574.7004784688993,555.6473000683526,30617.37416267942
3005181.0,54705.14500246487,6475.452213520745,3327.652406042604,64508.24962202822
3005182.0,1208.001199538639,74.70809688581315,69.66763552479816,1352.412179930796
3005183.0,42694.07820891504,5053.701315108296,2597.0327300890235,50344.81225411236
3005184.0,29472.48455618142,2961.690089841492,1630.0180462824655,34064.192692305376
3005185.0,12159.218238158477,1010.6589936550096,318.60616792090894,13488.673159214992
3005186.0,6022.115856929955,468.4773770491803,194.5536214605067,6685.184083457525
3005187.0,4261.012721734456,565.4843218061279,116.52069521591112,4943.293854148002
3005188.0,27331.97717721924,1775.7660289762266,704.1774893940607,29811.985551909067
3005189.0,24200.16626638049,2864.5755387385007,1472.0688794321566,28536.810684551147
3005190.0,1041.0495468989056,85.80275391314582,39.420736730610805,1166.3128162881017
3005191.0,1868.5333708023043,81.58325136995926,31.09962062666854,1981.2162427989322
3005193.0,24305.195713456596,2858.876088218224,576.5800514053561,27740.651853080177
3005194.0,18113.290352347954,2144.071569520027,1101.811067672394,21359.172989540373
3005195.0,23300.911120227323,1513.8665652765546,600.3216301128631,25415.154606579683
3005199.0,8937.623697518307,898.1418407807988,494.30810253087844,10330.073640829985
3005200.0,20435.98740732023,1684.3232905731434,773.8360597858067,22894.927621513474
3005201.0,1274.9698543381887,115.4521849271691,31.437112096263462,1421.920075997467
3005202.0,2687.612850307587,251.75885167464114,54.332194121667804,2993.8220095693778
3005203.0,60947.361636203896,5097.547888319869,1496.5919775439797,67541.50150206774
3005209.0,884.9650133483208,38.63903330054798,14.729239848250666,938.3332864971195
3005210.0,14561.751063280959,1463.3104220530565,805.3585361415546,16830.42002147557
3005211.0,1791.9476596725845,143.65959572669277,29.68787948658827,1965.3482437937128
3005212.0,12499.677112929903,966.5713710190408,313.30393113099535,13779.55241507994
3005213.0,28270.36165821465,3346.364879728766,1719.6542845725721,33336.38082251599
3005214.0,31339.890611332416,3709.7052575494786,1906.3702763828405,36955.966145264734
3005215.0,8424.759395261346,547.3589209957577,217.05440046426,9189.192707916434
3005216.0,24458.1580674381,2457.800401117369,1352.6935251338218,28268.65199368929
3005217.0,36856.21806707817,3703.681499611079,2038.3860224793684,42598.28558916861
3005218.0,16567.006838829744,1076.3629632594252,426.8301999119507,18070.239314015846
3005219.0,5255.031763937541,365.6329038769815,54.3336994597162,5674.998367274238
3005220.0,17072.998394100698,1109.2373729288402,439.8665002401345,18622.142779956775
3005221.0,35358.88794438599,2512.7064421928762,2054.221971318114,39926.03221687574
3005222.0,13045.075105385025,907.6460250549189,134.8778127411981,14087.598943181143
3005223.0,9221.663457884739,835.0481317289425,227.379860671311,10284.532108929705
3005224.0,65302.42680401025,4242.716521251901,1682.4431931881854,71227.74147522612
3005225.0,5414.410876599027,452.8533801881334,132.95348089738368,6000.217737684544
3005226.0,1498.7780774889654,139.74055909759687,50.17018146150074,1688.778567925454
3005227.0,27900.872766134296,1941.2779196105205,288.4773496408003,30130.62803538562
3005228.0,24924.575099316284,2950.3238679041892,1516.1338534993797,29391.03282071985
3005229.0,13487.510219999474,1596.5176201442125,820.4300680143194,15904.457908158007
3005230.0,20372.46366184263,2411.4900875960716,1239.2340376447517,24023.187787083454
3005231.0,5966.467443091582,528.7543673901534,266.35309687665426,6763.155637903652
3005232.0,18356.475797985608,1844.642325680909,1015.2312323661322,21216.34935603265
3005233.0,36283.15218265036,3646.0941066140363,2006.6917914909523,41935.93808075535
3005234.0,59143.93994300284,4946.71234438278,1452.30808459577,65542.96037198139
3005235.0,7889.807727321094,560.6729129967015,458.3689512076895,8908.897757232542
3005244.0,23925.50067486097,2404.273657626528,1323.2341437663836,27653.00847625388
3005245.0,51046.94570518472,5129.707776198102,2823.224575737397,58999.878057120215
3005246.0,6551.234548335975,443.6957210776545,683.1905705229794,7678.96117274168
3005247.0,803.6172544611493,35.08725586623577,13.375298580862722,852.0798089082477
3005248.0,37109.6895159597,3729.152846513617,2052.4046246473217,42891.24698712064
3005249.0,42127.689503962174,4233.411685192849,2329.9323139433272,48691.03350309835
3005250.0,50674.853487021246,5998.38629744215,3082.4943087957217,59755.73409325912
3005251.0,37792.04047078596,4473.446731728617,2298.8472911680246,44564.3344936826
3005252.0,24801.79394119157,2935.79025279136,1508.665213826969,29246.2494078099
3005253.0,53415.8418514368,3470.441847434563,1376.1987713119347,58262.609221163846
3005254.0,34972.449661810606,2272.169614984391,901.0256243496357,38145.72788761706
3005255.0,2695.7685858736695,206.1335196364955,79.27902809480129,2981.2012500799965
3005256.0,479.4800899028879,37.077095967092156,12.01815020567406,528.5753360756541
3005257.0,3651.425300029685,282.35634621093254,91.52283618167168,4025.304482422289
3005258.0,39438.32452650953,2744.0270141898714,407.76729205010986,42590.11883274951
3005259.0,3818.279033191198,319.35525509438816,93.75969058689923,4231.393978872485
3005264.0,3744.216278181124,409.9726786396638,107.07030951471152,4261.491020252198
3005265.0,38182.35129963226,3836.9446334055174,2111.729723676922,44131.0256567147
3005266.0,41782.428109839064,4945.789222895544,2541.578080521374,49269.79541325598
3005267.0,12434.190357554786,768.9849134948097,717.1024682814302,13920.640553633219
3005268.0,3237.8245870792384,221.02111645410827,144.20280158896088,3604.396194856784
3005269.0,32073.52970611933,2480.1725117679484,803.9218014503201,35357.6240193376
3005270.0,5811.511874567673,465.90615632925983,96.28153101222043,6373.871800783952
3005271.0,2568.5587233075876,183.7364834166288,56.84915947296683,2809.2580645161293
3005272.0,5779.923018720758,684.1699314364024,351.58621257873546,6815.679162735895
3005273.0,35606.53585616611,4214.74838272027,2165.905504999114,41987.189743885494
3005274.0,3643.530867350791,431.2850284731862,221.63188227878862,4296.447778102766
3005275.0,1477.5649350649348,138.4090909090909,29.87012987012987,1645.9090909090908
3005276.0,2793.8008866371124,252.98670044331857,68.88714376187461,3115.808233058898
3005277.0,44189.92916032978,2871.031777795565,1138.5035619947168,48199.56935884094
3005278.0,19633.497972405803,1395.2140382819243,1140.6343709728906,22169.46624026105
3005280.0,36652.55303075086,2604.6380833027915,2129.3791778489767,41386.794048449454
3005284.0,20379.29874455547,1491.5365103766335,964.3850883935436,22835.449141685887
3005285.0,4798.447321823816,398.8409325660322,125.73299395012543,5323.096133982589
3005286.0,10708.029430699899,1002.2990894877219,287.00561022716823,11997.334130414789
3005287.0,68613.61916245252,6894.982861530523,3794.7746564207764,79303.37668040382
3005288.0,4287.123897199847,247.97660145761415,151.91829689298046,4687.14930955121
3005289.0,21413.033976949555,2534.6624756772935,1302.5307588684327,25250.227211495283
3005290.0,7867.972792252708,630.7716547536698,130.35170240565674,8629.329336715085
3005291.0,52960.83881920322,5322.034902810019,2929.0751805128134,61211.948902526055
3005292.0,22794.062903041962,2290.57547145288,1260.6583543789975,26345.29672887384
3005293.0,15180.649940387479,1180.9455737704916,490.43400894187766,16852.1233681073
3005294.0,34120.88384285711,4038.891639855044,2075.534964962944,40235.3104476751
3005296.0,42419.79486168548,3547.929392101823,1041.6386037840964,47009.362857571396
3005305.0,78529.6866956652,6568.107754612268,1928.3344832758357,87026.12893355331
3005306.0,11666.417390191353,892.0794206113873,343.0940759860913,12901.677944407706
3005307.0,60533.456395581525,3932.8752101176656,1559.5760625950531,66026.05130873289
3005308.0,4711.726943035775,557.7274799547944,286.60904742876204,5556.063470419332
3005309.0,30342.29370156914,3591.6196347577466,1845.6875790445033,35779.60091537139
3005310.0,25710.821314809138,2583.680535809622,1421.9738633841423,29716.475714002903
3005311.0,12572.79059197038,1488.2421875536402,764.7887024548595,14825.82148197888
3005312.0,23387.150372250788,1788.312114683107,687.7855024852274,25863.422509972912
3005313.0,4948.080672425844,585.7046890469893,300.98617879815276,5834.7715402709855
3005314.0,2955.6352395672334,129.04791344667697,49.19319938176198,3133.8763523956723
3005315.0,13383.47663691667,869.5281357560232,344.810143680461,14597.846674137514
3005316.0,54082.03062498196,6401.694116823141,3289.749059705119,63773.47380151022
3005323.0,67357.74334721631,7973.141250897725,4097.2957242845305,79428.18032239856
3005327.0,1039.9001614018905,83.3683037429867,17.22842210437322,1140.5277073245713
3005328.0,2335.673010380623,175.367214532872,36.72534602076125,2547.9130622837374
3005329.0,45505.766729970914,5386.521101192068,2768.0645785872293,53660.352409750216
3005330.0,23796.92820079063,2391.3534091977044,1316.1232586087262,27504.404868597063
3005331.0,10928.320881098802,914.0287214210717,268.3502110608755,12110.699813580748
3005332.0,31268.825693907045,3142.2044178899137,1729.367270342309,36140.39738213927
3005333.0,39877.990246384805,3083.6735507400026,999.5403078749841,43961.20410499979
3005334.0,9694.60736196319,518.6717791411043,151.340490797546,10366.088957055214
3005335.0,51172.11717742632,6057.247438649105,3112.742299468985,60342.10691554441
3005336.0,22757.487658415135,2693.8055611627656,1384.3123632813301,26835.605582859233
3005337.0,2484.0539215686276,251.0137254901961,43.267647058823535,2778.949019607843
3005338.0,22944.04949122171,1754.4301469803956,674.7544851419674,25373.405337372275
3005339.0,29391.66757248006,2953.5687908290884,1625.548347040509,33970.78471034965
3005340.0,10417.981266881705,1233.1772423234993,633.7140762040509,12284.872585409255
3005341.0,16318.227657488193,1060.1997118386296,420.42068558392697,17798.886776594893
3005344.0,29071.508714978387,3441.196718339972,1768.3871584350522,34281.09259175341
3005345.0,8588.901083698407,688.5681346552915,142.29559603412494,9420.019368226882
3005346.0,33539.04823606336,3370.3390901474286,1854.9251854118047,38764.31251162259
3005347.0,2138.8173515981734,121.54794520547944,84.58599695585995,2345.6621004566205
3005348.0,2398.772192759972,192.30843132733838,39.741372684651445,2630.8930904619165
3005349.0,18671.944621815383,2210.199518283396,1135.7933781818626,22017.937518280643
3005351.0,53495.75059493647,6332.296104659385,3254.086305269358,63082.13300486521
3005352.0,12842.909139844744,1520.2161408018628,781.2197097341631,15144.34499038077
3005353.0,17367.394816740332,2055.7798577095937,1056.4390816624987,20479.613756112427
3005354.0,23856.379023631296,2823.8814164225805,1451.156688349406,28131.417128403282
3005355.0,2083.8942368856283,161.14276324159283,52.23272974004496,2297.269729867266
3005356.0,37580.242973020846,4448.376245658988,2285.9638877331167,44314.58310641295
3005357.0,37743.33585035034,3156.7972229959933,926.8058882770148,41826.938961623346
3005362.0,4485.317810457515,453.24150326797377,78.12598039215685,5017.793464052287
3005370.0,44691.70411930681,2903.6322340510683,1151.4312264868327,48746.87362923237
3005371.0,21179.749776512603,2507.048606962919,1288.3403434908523,24975.138726966376
3005372.0,12216.725233408717,1446.094703726437,743.1296474048683,14405.949584540023
3005373.0,57670.264869436876,5795.285145260074,3189.53674543044,66655.0867601274
3005374.0,21207.375537090662,2510.3186703633055,1290.0207874171444,25007.714994871112
3005375.0,22808.756900078577,2292.0520712733173,1261.4710269684442,26362.27999832034
3005376.0,14687.696040668523,1738.5837078721113,893.4360208121345,17319.71576935277
3005377.0,22317.659364174833,1585.9584313632763,1296.5743234456097,25200.32836385562
3005378.0,26824.041897636456,2472.773371875531,761.1471178371025,30058.07811596667
3005379.0,60513.553296021,6081.007210514632,3346.788891488352,69941.34939802397
3005381.0,29432.700903269582,2275.963275518426,737.7295280098384,32446.393706797848
3005385.0,73966.43918327887,8755.413084345719,4499.295254652038,87221.14752227663
3005386.0,26346.539908718845,2203.5859349889643,646.95204525488,29197.07788896269
3005387.0,28561.45673991157,2870.1409009743984,1579.6323457367778,33011.22998662275
3005389.0,34473.97803094712,3177.982468967862,978.2183132120387,38630.327546335655
3005392.0,2901.0633224170347,206.1580814111583,168.5411607533429,3275.7802749961584
3005393.0,5880.321850025506,542.0772657711274,166.85740520319672,6589.281890834892
3005400.0,44886.54407422485,3754.244676337611,1102.2108251730267,49742.999575735485
3005402.0,43266.86541111622,3992.4425815342215,866.670647680294,48125.97864033073
3005407.0,5245.6979064212455,229.0358297035268,87.30869748489533,5562.042433609668
3005408.0,11015.382618011956,921.310437335276,270.4880541687201,12207.181109515952
3005409.0,34001.90914271659,3416.851984491194,1880.5243719793718,39299.28549918716
3005411.0,46506.097880188696,3304.8599245711316,2701.8340683115994,52513.07578354989
3005412.0,59944.07876320469,5013.634781118087,1471.9558807773897,66429.66942510018
3005420.0,5389.023413176884,541.5429841452659,298.04767217953093,6228.614069501681
3005421.0,833.3051961687628,69.69642375024104,20.462212603655527,923.4638325226593
3005422.0,77142.62919735051,5011.977707516208,1987.4926208676857,84142.28257824382
3005425.0,16247.01674885235,1923.1606198050333,988.2877446517508,19158.465113309132
3005426.0,17264.845930059964,1201.24787745651,178.5075699103485,18644.601377426825
3005427.0,9335.10851957084,721.8625376362326,233.98413977354647,10290.95519698062
3005428.0,31320.254683535182,3147.372517261443,1732.2116244053718,36199.838825201994
3005429.0,39001.541634423294,3919.2650733948794,2157.036220538568,45077.842928356746
3005430.0,17320.95637519466,1324.4570471659877,509.386671502016,19154.929347014528
3005431.0,35839.10516300901,2840.395280984397,551.58505645059,39231.085500443995
3005432.0,12012.321948930181,918.529214753504,353.26667662179756,13284.207479147559
3005433.0,42972.59433356727,4318.316174867976,2376.660987836505,49667.571496271754
3005434.0,4708.6241699867205,391.37494466578136,123.3793714032758,5223.451969898186
3005435.0,1386.0127103683653,114.23443568318231,52.483229375073556,1552.78333529481
3005436.0,22373.796539275416,2648.3880139351763,1360.9728643050464,26383.15741751564
3005437.0,3551.052270022105,327.353630334977,100.76308450943716,3979.18430539024
3005438.0,18455.66027798273,1854.609374468859,1020.7167723448966,21330.986424796487
3005439.0,42009.83249226072,3248.524023578305,1052.9748526355966,46311.331368474624
3005440.0,61391.51961895847,6169.234049785742,3395.3460787077847,70956.099747452
3005441.0,53331.86224437765,5359.319048276054,2949.5951633963396,61640.776456050036
3005442.0,16060.538761015227,1613.9236037376297,888.2511402651052,18562.71350501796
3005443.0,19227.095122404782,1932.130865041801,1063.3820832908418,22222.608070737424
3005446.0,16025.05941166468,1477.2695459955787,454.7199795953069,17957.118075157283
3005447.0,56740.86955687127,5701.890206617435,3138.135204147945,65580.89496763665
3005449.0,81953.35351929131,9700.824747435214,4985.130265342357,96639.30853206888
3005450.0,7089.312862928282,592.9397244423493,174.0815102102038,7856.334097580835
3005452.0,33710.19054209919,2084.78615916955,1944.1282583621683,37740.08858131488
3005453.0,16373.983546944855,1273.7783606557375,528.9864679582712,18176.849597615495
3005454.0,21798.77509607994,1595.426287471176,1031.5572636433512,24426.003382013838
3005455.0,4476.974988933157,372.120554817766,117.30950272982146,4966.474915154198
3005456.0,3895.466564768819,426.5338173481085,111.3954910202522,4433.636988918609
3005457.0,38035.411329266164,3822.1786352011477,2103.6029977824564,43961.19296224977
3005460.0,5484.520246385207,389.74611919652887,318.63055223862955,6192.930399725714
3005461.0,28197.250984240334,2003.7794828748094,1638.1570764810897,31839.359682205646
3005462.0,26413.2966415784,3126.5439511472346,1606.6911095273597,31146.531702252993
3005463.0,49213.757705337186,5825.43627759949,2993.617496694034,58032.811479630705
3005465.0,91993.48134455294,5976.841631313535,2370.10803549988,100340.64930361001
3005466.0,2352.7562629757786,145.5047750865052,135.68775086505192,2634.017439446367
3005467.0,8665.280234651462,1025.7098865878725,527.0992448803878,10218.08936611972
3005468.0,12931.92547948516,1530.7530117586637,786.6344734966609,15249.312964740484
3005469.0,3122.4743702797214,313.7774618428603,172.69292525739692,3608.944757379979
3005470.0,27793.585580683553,2562.150722666213,788.6584594456724,31144.514674375103
3005471.0,510.91989331371286,47.82341580060701,13.694104662926515,572.4374137772464
3005472.0,1397.0,58.0,30.0,1486.0
3005473.0,1244.7654516640252,84.30427892234547,129.8094294770206,1459.03882725832
3005474.0,806.5061102144338,64.65721312735377,13.361693951271997,884.548920144493
3005475.0,14291.073979135617,1111.742950819672,461.6949031296572,15864.600178837554
3005476.0,3412.3973342447025,319.65215311004783,68.98427887901572,3801.183732057416
3005477.0,30610.284962699363,2175.256765543904,1778.3455186030292,34564.07411654825
3005478.0,42341.0823793065,5011.9171716589135,2575.5603910308428,49928.55994199626
3005480.0,43208.31965722801,3361.297049180327,1395.9105514157968,47965.794366616974
3005481.0,21372.418689749906,2147.714438825601,1182.0322813500416,24702.165409925547
3005482.0,21235.001297668725,2513.588733763692,1291.701231343437,25040.291262775852
3005483.0,31088.824230208567,3124.1160700895607,1719.4120311215884,35932.352331419715
3005484.0,1380.7795447458684,155.7299657000312,51.779232927970064,1588.4848768319303
3005485.0,1458.900956937799,136.66076555023923,29.492822966507177,1625.1186602870814
3006001.0,37039.6155900985,3418.723834175424,1051.9386572178828,41510.27808149181
3006002.0,11588.928950644438,1069.6479157500987,329.1298293655412,12987.706695760078
3006005.0,27370.928714190537,1712.086875416389,1625.2588940706194,30708.609726848765
3006011.0,7214.48042140241,436.8550768417476,85.62051127138164,7737.001359362611
3006012.0,4899.062624916721,306.44268265600704,290.9015323117921,5496.466844326003
3006013.0,33856.94175266782,3124.965847460803,961.5495538330111,37943.45715396163
3006014.0,1088.2436284198482,86.55050452512224,25.79319671278477,1200.7019660875899
3006015.0,8834.417512868114,815.4089407011222,250.90069504589903,9900.727148615135
3006016.0,62950.57680918098,5810.2826901413155,1787.8194518153457,70548.67895113764
3006017.0,25022.41315183325,1515.1705433674433,296.96273080844315,26834.703715591135
3006018.0,901.3033752860409,83.98979786422576,31.498226544622415,1016.7921815408083
3006019.0,21642.272511441643,2016.779414569031,756.3415617848968,24415.412261632337
3006020.0,5025.955687528552,353.65692096847874,147.00045682960257,5527.116491548652
3006023.0,48688.70143974064,4537.156194380878,1701.5444412662084,54927.44431095853
3006024.0,31138.932465675047,2901.7450896262385,1088.2253146453086,35128.92988176963
3006025.0,23060.11324138393,2128.4281032921454,654.9156672381442,25843.45701191422
3006026.0,7892.460233628541,728.4671150367053,224.14876310239444,8845.076111767641
3006027.0,23563.367088607592,1473.918987341772,1399.1696202531646,26436.744303797466
3006028.0,37865.733266590374,3528.595776125094,1323.3096395881,42717.671529366875
3006029.0,2276.1954707985697,254.9072705601907,57.903218116805725,2589.3387365911803
3006031.0,8029.879307750188,703.9208427389015,124.27298720842738,8858.951392024079
3006032.0,13336.358886346296,1242.775870836511,466.071319603356,15045.217645563176
3006035.0,75610.55998283751,7045.924628146452,2642.393907322654,85298.94410755148
3006037.0,52638.99901750536,4858.533159193722,1494.9668634944055,58992.499040193485
3006040.0,29596.457990083894,2758.0064518179497,1034.3198131197555,33388.80992880752
3006043.0,52913.73655728357,4883.891191679177,1502.769510311261,59300.397259274
3006044.0,6529.476594728855,602.6649279010717,185.43952824474766,7317.5810508746745
3006047.0,53466.7796568371,4934.9365817473,1518.4761370205154,59920.192375604915
3006055.0,1822.9693639117265,208.84768498485505,38.398961488533104,2070.2160103851147
3006058.0,53655.07004493448,3248.9504965449532,636.7713627610165,57541.129177208015
3006059.0,782.7572012593392,48.20299797941826,15.356421220807292,846.3489497673982
3006060.0,26592.453038532327,2454.459949533709,755.2354120262864,29802.148400092323
3006061.0,54188.117562929045,5049.630530129671,1893.7348398169331,61131.52993897787
3006064.0,27609.2234696039,2842.5113323448422,794.0512603262022,31246.659606015677
3006065.0,2679.9377331896194,315.22518862449215,63.57482795788077,3058.737749771992
3006091.0,20587.88153865306,1560.5038466326407,572.727598655546,22721.301257313586
3006092.0,7042.970560699053,560.1435556017892,166.93019868927493,7770.786226984292
3006093.0,14464.753068322832,1335.0839441043415,410.80428825366505,16210.641300680838
3006094.0,24255.399940418993,2238.752010858735,688.8622475452429,27183.014198822973
3006095.0,33536.771454295194,2481.7588496532862,551.0416143637514,36569.631106455556
3006096.0,5091.637158015189,404.949547487777,120.68032872152295,5617.803391241029
3006097.0,37592.65868965203,3469.769224243547,1067.6452839271371,42130.07319782271
3006098.0,48443.224504195256,4514.280924230865,1692.965655987795,54650.51310704295
3006099.0,7628.42675384169,704.0970578428914,216.65011551216963,8549.17392719675
3006100.0,13455.003409137986,1241.8849415928642,382.1270278748325,15079.015378605684
3006103.0,9460.62,957.88,174.57466666666667,10593.074666666667
3006109.0,3705.293502953203,265.05043162199,82.00817810086325,4052.5161290322585
3006112.0,3677.138480334571,226.44199050796487,72.13946713030403,3975.8718105352195
3006113.0,7518.18913043478,700.5978260869563,262.74130434782603,8481.534782608693
3006114.0,25168.81305968161,2323.0592357454425,714.803514884399,28206.67581031145
3006115.0,46787.44622222923,4318.439999763254,1328.7806196029376,52434.66684159542
3006116.0,27885.994693237993,2063.5950066226314,458.1938829395826,30407.83279804005
3006117.0,9863.397734843436,616.9682433932933,585.678880746169,11066.165667332887
3006120.0,95798.3247772978,7089.183901379066,1574.0591968003603,104461.73694735659
3006121.0,43101.681565204686,3978.247174341501,1224.1035525664217,48304.032292112606
3006122.0,10190.271491015057,688.2486644001943,269.67435648373,11148.19451189898
3006123.0,16527.559048436302,1540.1543827866763,577.5955282227305,18645.323296465795
3006124.0,43143.851408450704,3636.11861167002,822.5963782696176,47603.14406438632
3006125.0,1220.3989299610896,63.16274319066148,27.084143968871597,1310.6710116731517
3006126.0,18458.400019069406,1720.0837465039403,645.0734363081615,20823.573213831674
3006127.0,6476.565651976374,463.28759654702407,143.3439345751931,7083.4838709677415
3006128.0,18839.14558479145,1738.8365132883378,535.0386388700915,21113.02073694988
3006129.0,3434.9567678038043,211.89467064926896,51.617355761672684,3698.4687942147457
3006130.0,7296.419270509151,553.0481762728745,202.97672102576874,8052.510892568158
3006131.0,32947.71654929577,2776.7990442655932,628.1931589537223,36353.149899396376
3006132.0,23719.666876430194,2210.3656559877945,828.9411327231118,26758.994241037362
3006133.0,2887.1345454545453,292.32,53.275636363636366,3232.730181818182
3006134.0,3737.753378407626,276.5979586713184,61.4149056816116,4075.772839420672
3006135.0,6003.801818181818,607.88,110.78678787878788,6722.468606060605
3006136.0,34915.12932743501,2583.7588842814234,573.6893682962092,38072.6392007826
3006137.0,15454.055434782604,1440.117753623188,540.0793478260867,17434.265942028982
3006138.0,9642.961798459362,594.8523817009905,144.90551800031443,10382.719698160667
3006139.0,3484.825449700199,217.9803242282922,206.92551632245164,3909.77397290695
3006140.0,5734.164959788076,424.33466363093333,94.21788023858787,6252.727623730662
3006150.0,41842.17050622147,3861.995415025064,1188.3329768995386,46892.49889814607
3006151.0,4463.443636363636,451.92,82.36290909090908,4997.726545454546
3006153.0,38523.91190890024,3555.7230746163227,1094.0932166440111,43173.72820016058
3006154.0,23468.33362380182,1778.834059504544,652.8579609112412,25900.24025893191
3006155.0,13208.810029336735,1219.161509885119,375.1350456623256,14803.106584884179
3006156.0,9497.006798772903,1117.0766105629714,225.29276179421274,10839.376171130089
3006157.0,10279.465611701547,948.7856050726708,291.94059064104806,11520.191807415267
3006158.0,1887.9245922474051,194.37153145520017,54.297394619783944,2136.653251429782
3006159.0,27344.14227995318,1655.7571272136845,324.516708832081,29324.58799984896
3006160.0,36008.168993135,3355.49485125858,1258.3925629290613,40622.08764302058
3006168.0,49320.74042018413,4552.26081878498,1400.7271032388778,55273.728342207985
3006171.0,25885.59860908792,1594.0619331798318,507.83327851134817,27988.5629434707
3006173.0,9763.54070729872,855.8982693754701,151.10368698269374,10771.610534236266
3006174.0,34163.791472420104,3153.287805821181,970.2641983297589,38287.34347657104
3006175.0,35392.64473684209,3298.135964912279,1236.8815789473679,39927.69298245612
3006176.0,24677.143383542887,1870.458458857214,686.4854475289432,27234.312959043946
3006178.0,47972.02886127293,4427.775932038201,1362.4232006834054,53762.22799399454
3006179.0,4228.103696586718,390.25024019823496,120.07969451913988,4738.433631304093
3006180.0,16086.648443579768,832.5776264591441,357.0087548638133,17276.56692607004
3006181.0,18000.420661708617,1677.4060036867527,629.0682398932112,20306.910519959314
3006182.0,34192.335632397066,3155.922406598891,971.0748629341075,38319.33290193006
3006183.0,9266.962663755457,742.5582969432314,234.36812227074236,10244.477947598252
3006184.0,17729.296882151026,1652.1407799389774,619.5931636155605,20001.046205186874
3006185.0,7635.431845919144,711.5233282481564,266.8386346300533,8613.800432240017
3006186.0,14424.517839435539,1344.1781877701494,504.0996662852782,16272.808206203908
3006187.0,29471.88760488176,2746.3981057716746,1029.9663996948889,33248.27767607423
3006189.0,7405.418287937743,688.8142023346303,124.75486381322956,8219.367704280156
3006190.0,8287.728508984943,559.7513355998057,219.32564351627002,9066.80548810102
3006191.0,12600.529225352111,1061.9594064386317,240.24627766599596,13902.903621730382
3006193.0,12047.469483568075,755.410406885759,122.17820813771517,12925.756259780908
3006194.0,16274.754443173146,1516.5962687515887,568.7606598016779,18360.12548944825
3006195.0,876.8747263439553,79.36000972999271,13.39382145463391,969.628557528582
3006196.0,4081.2219020172906,264.41575408261286,149.22574447646494,4494.965609990393
3006199.0,85539.71141094512,7895.239880601253,2429.359153081738,95864.31044462812
3006200.0,16512.796546669477,1524.1165499050053,468.96947361567874,18505.88257019016
3006201.0,13940.25412874625,1286.6731548139276,395.90832614875904,15622.835609708938
3006202.0,4994.871332552958,302.45212022807084,59.27848053468262,5356.633330815995
3006203.0,41956.347146129294,3872.5338181359025,1191.5756353169331,47020.45659958213
3006204.0,2786.6236177504024,257.2029009239,79.14113199953438,3122.9676506738365
3006205.0,44680.466104118976,4163.64058924485,1561.4669622425624,50405.61241418763
3006206.0,6470.037336244542,518.4417030567686,163.63187772925764,7152.522052401747
3006207.0,10742.363806254765,1001.0491355199591,375.41788710907696,12118.840147470122
3006208.0,51645.41617086192,4812.683702008643,1804.8739893211284,58263.01866259851
3006209.0,1711.1436492646021,105.37399558291433,33.56985104083454,1850.1581692589632
3006217.0,19403.669412662082,1808.1706076786163,678.1081617086191,21889.965013984227
3006218.0,9827.152737752162,636.6853025936599,359.31988472622476,10823.404034582132
3006219.0,23422.896252860402,2182.710478642257,818.569765446224,26424.196815408075
3006220.0,34431.39297220408,3177.987188112209,977.8641789955273,38587.244339311816
3006221.0,3291.6645220588234,257.0637254901961,80.05177696078431,3628.8501838235293
3006223.0,61127.42078565978,5696.283689295701,2136.2455758962615,68960.00307653188
3006224.0,42745.96129862699,3983.3698035850484,1493.861012585812,48223.229195270775
3006225.0,30417.370475444528,2807.4964537467954,863.8644690090019,34088.731398200325
3006226.0,6586.166984126984,285.45968253968255,145.8761904761905,7018.646984126984
3006227.0,46292.55344202897,4313.866243961351,1617.8052536231878,52224.265096618336
3006230.0,104278.89958919458,7904.048972986431,2900.9008838541017,115084.80306236773
3006231.0,38393.32259429852,2910.106485746297,1068.0513880243996,42371.83156977469
3006232.0,24412.131664759712,2274.8944031273827,853.1409897025168,27540.188234172376
3006233.0,23847.901096491223,2222.3154239766077,833.4225877192981,26903.659795321633
3006236.0,60488.64301116845,5583.0483730638625,1717.899629690277,67789.59101392259
3006237.0,728.1707671754372,51.74595367863519,42.3040563706655,822.2252225624535
3006238.0,49388.493897787936,4602.367785405542,1726.000381388253,55716.904907195516
3006241.0,62700.81540938261,5787.229933336357,1780.7261365272952,70268.77147924626
3006250.0,30759.900395168006,2839.1116630793103,873.5924442611854,34472.604502508504
3006251.0,38507.87852112676,3245.403672032193,734.2052313883299,42488.00301810865
3006252.0,4926.833015873016,213.54031746031745,109.12380952380953,5250.353015873016
3006253.0,1308.9653282170755,55.89694394956831,14.471700698917363,1379.333972865561
3006256.0,6686.49861746758,623.095045130943,233.67586765827605,7543.275330536484
3006261.0,11125.086351018892,1026.835653112318,315.95652954487605,12467.878533676087
3006262.0,13930.734376217397,1030.8900296936276,228.89544899708258,15190.544440885442
3006264.0,11403.804529201429,1277.092729439809,290.09678188319424,12972.661263408818
3006275.0,39458.733148145584,3642.006250086313,1120.6424824364287,44221.38188066833
3006276.0,14243.535828501417,1314.665788077092,404.5216375699632,15962.723254148472
3006278.0,26021.625360230548,1685.8989433237273,951.4543707973103,28659.630355427475
3006280.0,40854.022769323725,2473.814635804101,484.8502057923952,43812.94441717328
3006281.0,21568.68088258794,1990.7702126568188,612.5584416609287,24172.009536905687
3006282.0,9595.583495423338,894.1840675057205,335.34087528604107,10825.116762013726
3006283.0,2454.79775801828,226.57566688302586,69.71715597398162,2751.0905808752873
3006284.0,25365.054159523188,2341.172116092196,720.3768340392957,28426.60310965468
3006286.0,30568.940631761147,3502.1172652531372,643.9030722630896,34714.960969277374
3006288.0,59421.805032029704,5484.580168996966,1687.6010401027472,66593.98624112942
3006289.0,27053.756598016775,2521.0596236969227,945.4589626239509,30520.298652428162
3006290.0,33163.977154086555,2454.171651675569,544.9162431934069,36163.123579164254
3006291.0,7339.417134075003,677.4217249685817,208.44213639313983,8225.280995436724
3006306.0,19854.3211003051,1850.165506610729,693.8572749809302,22398.36110475463
3006307.0,46644.72542234444,4305.266995874705,1324.7272965811944,52274.71971480033
3006309.0,9352.12818946478,575.9137258587473,183.4735209811569,10111.901696348856
3006310.0,32922.12051342249,3038.6826719908136,935.0002880405938,36895.803473453896
3006311.0,2321.464702612562,215.93079488604778,39.108393551973315,2576.623123957754
3006312.0,16298.715346842302,1504.3570440721835,462.8894890830641,18265.96187999755
3006313.0,9632.2218440122,897.5982869310955,336.6212909992371,10866.449777523514
3006314.0,22173.024295774645,1868.7192655935612,422.75895372233396,24464.79939637827
3006319.0,34444.23126401358,2548.9118973622017,565.952057344195,37559.15600841464
3006320.0,17087.24776620573,1577.1378905564113,485.28409877819485,19149.669755540337
3006322.0,31131.95262645914,1611.2596303501944,690.9071011673151,33434.76206225681
3006323.0,11910.050750385202,1099.287174499332,338.2498061644632,13347.587731048998
3006324.0,20773.012423230273,1917.3307159781637,589.9611658147109,23280.304305023146
3006325.0,1216.2805542935032,87.00408905043163,26.919582008178104,1330.2580645161293
3006326.0,5208.530516431925,326.589593114241,52.82179186228482,5588.243740219093
3006327.0,4764.684546970539,443.18663146192324,80.26792662590327,5288.383824346859
3006328.0,10335.09000432713,1184.0350497620077,217.69796624837733,11736.823020337517
3006329.0,492.5799849510911,43.180887885628294,7.623325808878857,543.4380737396539
3006330.0,49003.79123760486,4566.518481439103,1712.5560163996943,55282.908244342725
3006331.0,39888.99012232389,2951.830183615697,655.4147152268575,43496.305420169156
3006332.0,26046.54597897303,2404.0732096600127,739.7314514681191,29190.350640101162
3006335.0,58768.85737255683,5424.31367620686,1669.0570872782725,65862.22813604196
3006336.0,9082.081433736834,560.2529476497406,136.4771262380129,9778.811507624587
3006337.0,43240.83434509235,3991.0908531328346,1228.055542512621,48459.9807407378
3006338.0,8624.301567469332,616.9213993639255,190.87914584279875,9432.483870967742
3006339.0,12463.418387741502,779.6028869642458,740.0655562958026,13983.239484787915
3006340.0,5763.148652865911,458.35639238531155,136.59627587641734,6358.70841568709
3006341.0,2108.851938148697,217.1171361999576,60.65134505401397,2386.6871425545432
3006344.0,77894.38799096207,5764.272419554511,1279.8801866456593,84938.6780708665
3006345.0,6484.987700228831,604.3168382913805,226.63358123569787,7315.943745232645
3006346.0,826.5096507352941,64.54656862745098,20.100337009803923,911.1741727941177
3006351.0,8741.90997330282,814.6327548944822,305.50718916857346,9862.057500635643
3006352.0,43444.211484928164,4009.8623836740157,1233.831527818605,48687.905396420785
3006353.0,52956.41138226866,3918.8340706240856,870.1250941452478,57745.46400838001
3006355.0,74470.56665483539,5510.905785496006,1223.6234882653903,81205.22735969113
3006356.0,48496.52780084951,4476.186721328615,1377.3191627883114,54350.03368496643
3006357.0,7015.233870588788,432.00535689112354,137.62746111554907,7585.156430618862
3006358.0,38255.5624648308,2830.9546977396485,628.5759178620589,41715.1605966428
3006360.0,7020.85975458088,825.8221125943122,166.55235884255035,8013.234226017743
3007001.0,3342.031412194792,388.5878052082864,128.14415308931717,3858.847316875029
3007004.0,74842.81701305715,8446.237512173522,1835.5972841411105,85124.65180937179
3007010.0,7278.132263660018,443.84648742411105,75.87467476149178,7798.124891587165
3007011.0,16720.238859281555,1334.2225458687603,184.88321060982057,18239.37373581221
3007012.0,452.8750077415679,31.49692195260922,4.475109310938526,488.8482033369255
3007013.0,46557.54726321441,5254.159555495472,1141.8718685818328,52953.578687291716
3007014.0,17810.243179792487,2009.9396314792891,436.81458442453163,20256.997395696308
3007016.0,28855.22451170319,3256.3990696718038,707.7041439758176,32819.327725350806
3007017.0,45808.84929201313,5169.666732509597,1123.5092785908755,52102.02530311361
3007020.0,27088.42234959606,3149.6504039355505,1038.6565870830889,31277.409757638667
3007026.0,12687.15273837079,1002.3388057194056,285.50315463301723,13975.03519562458
3007027.0,51024.99268540742,4071.6341564623076,564.2063219559822,55660.92202920954
3007028.0,25971.725568563143,2930.9875216856667,636.983358199833,29539.69644844864
3007036.0,43125.041886009516,3441.2428949188393,476.8530084211382,47043.21289613929
3007039.0,113459.64289695666,7890.984170041992,1121.1577050276842,122472.07647430421
3007041.0,56855.92182318493,3154.945600790235,627.2797572849785,60638.80956748748
3007044.0,44790.408087737516,5207.912262490409,1717.407230220698,51716.85264250576
3007049.0,95492.71646200042,10776.640913716354,2342.0573675403543,108611.41474325713
3007050.0,33650.707042024325,2685.220731459257,372.09102152068664,36708.07740124486
3007051.0,47481.61593037273,5358.4434901717295,1164.5356057778793,54004.59502632234
3007052.0,51386.859920974086,3573.895420707766,507.78208415393965,55468.669540336676
3007053.0,51049.612574783554,3550.4402660622054,504.4495559436662,55104.63364423471
3007054.0,31313.78676848575,3533.8552316389314,768.0029192163938,35615.64491934107
3007055.0,33077.61126820768,3732.908143447996,811.262534375271,37621.78194603094
3007057.0,49572.07447215328,3955.695846385419,548.1407509865343,54075.9974044994
3007067.0,27887.31317055559,3147.167357072948,683.9651199784987,31718.445647607037
3007069.0,16525.360504774897,1424.2615961800818,233.37824010914053,18183.43656207367
3007070.0,34072.50271642558,3845.1846424607565,835.6632733272188,38753.35063221356
3007071.0,1076.751288056206,111.65526932084309,44.38032786885246,1232.7868852459017
3007072.0,34040.984600164265,2689.3819719256326,766.0354289554244,37496.51065855297
3007074.0,20213.479345553642,1596.950487194803,454.8705480474874,22265.364901441048
3007075.0,54250.250291638324,6122.304281760244,1330.543345020454,61703.09791841902
3007084.0,62789.563932651385,4960.6415104905545,1412.974128275965,69163.37999328008
3007085.0,1737.7876859815813,136.16953977542306,24.01671553181912,1897.9839170792832
3007086.0,18022.71152297123,2033.9173244887938,442.02558969223577,20498.654437152258
3007087.0,35757.854334658696,2486.9165397049537,353.34320538069943,38598.20601241129
3007088.0,48684.06333221856,3385.919109905492,481.07425092589165,52551.181858719494
3007089.0,23631.20128021321,2666.8523002793745,579.5795858857589,26877.633166378342
3007090.0,6447.03258614377,514.4529514665799,71.28774256539603,7032.784508360115
3007091.0,89296.85602014622,6997.121619484422,1234.1077142057688,97528.59796347887
3007092.0,13230.370004606311,1493.0871377188507,324.4884708762427,15047.945613201404
3007093.0,36810.98358406268,4154.230463472152,902.827341222072,41868.0413887569
3007094.0,25863.805140281875,2918.8083760300447,634.3364983813166,29416.950014693237
3007100.0,20963.543193635694,2365.79904360448,514.1525197468071,23843.494756986984
3007101.0,71669.2819189112,8088.094510237903,1757.763062602863,81515.13949175198
3007102.0,39812.520495635355,4492.962952019126,976.4431299245588,45281.92657757903
3007103.0,19776.418482541783,2231.8284413926435,485.03706174312697,22493.283985677554
3007106.0,31050.730724550165,3504.1685641033537,761.5511984087601,35316.45048706228
3007116.0,4008.5701775723664,362.788615908538,61.22889807832644,4432.587691559231
3007117.0,28339.229963983387,3198.1675295058635,695.0488454685361,32232.446338957787
3007118.0,40857.99964461011,4610.94842555796,1002.0845844164363,46471.0326545845
3007119.0,16761.391517433945,1891.5735596387174,411.0904155633255,19064.055492635987
3007120.0,50486.5253553292,5697.556577020441,1238.2341088496946,57422.31604119934
3007123.0,1898.6332552693211,196.88149882903983,78.25573770491803,2173.7704918032787
3007124.0,55531.80537747834,6266.931636420748,1361.9748053653357,63160.71181926442
3007127.0,107697.5310963299,7490.236099240708,1064.2190801778704,116252.26316376205
3007128.0,29871.250982466125,2383.6320084618196,330.2998738863349,32585.234888735195
3007129.0,1347.94021843265,101.04617742862618,16.577888484383983,1465.7616401609505
3007132.0,24535.034867068804,2768.852645145205,601.7470368658336,27905.63454907984
3007143.0,28011.889410520318,2235.2607949229077,309.740075668199,30556.939066758874
3007144.0,32942.710732856096,3717.6842113784696,807.9539596021257,37468.34890383669
3007145.0,48489.997432125805,5472.242382391444,1189.2672022071417,55151.50701672439
3007147.0,15948.615791940669,1799.8493689198176,391.156252555124,18139.62141341561
3007148.0,20052.964580012525,2263.037502135174,491.8196400280752,22807.821722175773
3007149.0,4402.138150471635,511.8495283657535,168.79202960689625,5082.890282980548
3007151.0,20579.114885480652,1642.1487327610753,227.5525405801228,22448.85199951181
3007152.0,1210.73230478044,136.63479032400394,29.69445858898066,1377.0615536934245
3007153.0,6741.241037082627,543.0337744268348,120.78619787659639,7405.262655793198
3007154.0,27376.529677393104,2184.5610837638824,302.7146169805947,29863.85305723933
3007155.0,26443.877442293677,2984.2712839290107,648.5633699058421,30076.71209612853
3007157.0,55251.886766623815,6235.341977376481,1355.1095127110589,62842.33825671135
3007158.0,26430.38738875852,2982.748890722058,648.2325124285277,30061.368791909106
3007161.0,46385.54908064114,5234.749042106824,1137.6534357460723,52757.95155849404
3007172.0,26643.31314865975,2104.934592697678,599.5632046591503,29347.89599044277
3007173.0,37954.265621167324,4283.253287761393,930.86751242448,43168.3864213532
3007174.0,42045.12435570402,4744.919027769796,1031.2000424201167,47821.24342589394
3007177.0,71372.50074113774,8054.601859684944,1750.4841981019433,81177.58679892463
3007178.0,41309.91643803791,4661.948597990875,1013.1683099064737,46985.033345935255
3007179.0,28083.06829920851,1953.1442346995657,277.5043848240497,30313.78911969084
3007180.0,30841.634894755218,3480.571469395588,756.4229075103848,35078.62927166119
3007181.0,50243.70439169635,5670.153499295293,1232.2786742580329,57146.13656524968
3007182.0,962.6666955767563,58.706851691240246,10.035819601040764,1031.445273200347
3007183.0,72815.93646939966,8217.497932828883,1785.8859481746,82819.32035040314
3007185.0,81387.42027423733,5660.398963249231,804.2342722306867,87852.26275500728
3007188.0,25826.707493060192,2914.621794710925,633.4266403187016,29374.755928089817
3007198.0,29044.085261195403,3277.712574569142,712.3361486582213,33034.13398442276
3007201.0,73112.71764717314,8250.990583381841,1793.1648126755197,83156.87304323049
3007202.0,16709.47554206418,1019.0034692107547,174.19661751951432,17903.298872506508
3007203.0,8710.13096266378,682.508303020718,120.37646443387389,9513.06573072665
3007213.0,20029.268554468752,1582.3970544314193,450.72519226461577,22062.454733816172
3007214.0,28292.014776610333,3192.839153281529,693.8908442979351,32178.7447741898
3007215.0,48997.44765469264,3909.842431146006,541.7868434970097,53449.16226353687
3007216.0,31215.983880355852,3522.8178808885245,765.6042025058633,35504.40596375024
3007217.0,25762.62973876819,2907.3904269778996,631.8550673014574,29301.875233047547
3007218.0,22475.85055937512,1793.5022822505184,248.5256010740002,24517.917586753993
3007219.0,403.76662687585275,34.799198499317875,5.702165757162348,444.2786493860847
3007220.0,47643.49657279464,5376.7122086551635,1168.505895505654,54188.71467695546
3007221.0,57191.08196230279,6454.1860008759295,1402.670275075025,65047.938238253744
3007222.0,29337.493925585088,3310.8246268203625,719.5322987898126,33367.85085119526
3007223.0,16734.411410363628,1888.5287732248119,410.42870060869643,19033.368884197138
3007224.0,10377.223681920372,1171.1009744483567,254.5121144242158,11802.836770792943
3007225.0,37583.28914895048,4241.387474570194,921.76893179833,42746.445555319006
3007226.0,15260.623061647606,1722.2073153652304,374.2825212120821,17357.112898224917
3007229.0,96254.90448673688,10862.656129909183,2360.750815008627,109478.31143165469
3007230.0,3550.732773463145,246.94927105396806,35.08676129959249,3832.7779346735542
3007231.0,17149.230556569742,1935.3423643386072,420.6025680361188,19505.175488944467
3007232.0,12549.725640259838,991.4814828641828,282.4105876203987,13823.657768983798
3007233.0,15439.871639202081,941.5784908933218,160.96097137901128,16542.98699045967
3007234.0,36117.39777063586,2882.054904194296,399.3663317196208,39398.881908791336
3007235.0,51134.0479250168,5770.631450954172,1254.1152677607931,58158.794643731766
3007236.0,12906.608719762518,1456.5497007519864,316.54789142069353,14679.706311935199
3007237.0,7270.089220021555,505.6261194307162,71.83978670432167,7847.573817398092
3007238.0,28979.078176815077,1608.0543992097653,319.7202427150216,30907.19043251253
3007239.0,19153.413110240388,1196.1622365773587,119.88562956687491,20470.35899608175
3007240.0,36318.5966300294,4098.663111418379,890.7510433000909,41308.01078474787
3007241.0,35182.059619692336,3970.4014837326154,862.8763008363404,40015.33740426129
3007242.0,27027.322257689262,3050.1147901297145,662.8729557996963,30740.310003618673
3007243.0,26545.05284380736,2995.689232981156,651.0448009857013,30191.786877774215
3007244.0,16114.801907565787,1262.7233907955085,222.71110354140563,17600.32890911082
3007245.0,33317.05971845673,3759.930622871406,817.1352545976042,37894.12559592574
3007246.0,67285.01451998483,7593.316717978279,1650.2343824756354,76528.56562043875
3007247.0,3899.4260270806208,305.55116242290046,53.891166559203874,4258.890740763269
3007248.0,74370.66513932664,8392.95374993018,1824.0172724351014,84587.63616169192
3007249.0,24221.391122376375,2733.4570030835544,594.0546005182704,27548.902725978198
3007250.0,11001.138657921434,1241.5116602699186,269.81427275001363,12512.464590941367
3007251.0,12012.892673058292,1355.6911507913703,294.6285835486047,13663.212407398267
3007253.0,38540.740069830536,3019.974695555907,532.6438886117836,42093.579897565665
3007254.0,23419.54663357878,1868.8062650014238,258.9604735364712,25547.35415971685
3007255.0,19894.456450974416,2245.14938195348,487.9320646696293,22627.537897597525
3007256.0,41847.5778430134,2910.4496178762097,413.5191433490643,45171.6541934525
3007257.0,53892.61079818489,4222.916337181718,744.811068261171,58860.64757478801
3007258.0,14498.435036911174,1636.1920991724037,355.58907374381016,16490.216209827388
3007259.0,49255.55797024603,5558.63819688601,1208.0433640447425,56022.23953117678
3007260.0,42035.00681555266,4743.777232864582,1030.9518993121308,47809.73594772937
3007262.0,18526.195799353743,1492.3587474996152,331.943145099246,20351.0518541314
3007265.0,21216.481697419906,2394.3439162348427,520.3560974464549,24131.181711101206
3007271.0,13230.853859496965,806.8647007805724,137.93191673894188,14176.143972246315
3007272.0,15473.091404826348,1746.1850083747356,379.4935264797863,17598.76993968087
3007273.0,11517.560414022251,909.9360580153811,259.1834353766893,12686.716671022175
3007275.0,4195.630533095793,179.16664382622997,46.38618610387831,4421.183363025902
3007276.0,29904.07617406173,3374.7651415123755,733.4283128370237,34012.26962841113
3007277.0,4185.15807625982,313.73366545315196,51.471929488407746,4550.976432266718
3007279.0,50088.56877604205,5652.645977415338,1228.4738132689156,56969.6885667263
3007283.0,36918.90401234395,4166.409609127774,905.4742010405885,41990.787822512306
3007290.0,21506.51784842581,2427.0753701843264,527.4695332087177,24461.062751818856
3007291.0,34369.28389419906,3878.677293013716,842.9421378281389,39090.90332504091
3007292.0,31735.35094145944,3581.430019356203,778.3422153824735,36095.12317619812
3007293.0,4660.825412528932,368.22494960053757,104.8840812364668,5133.949320540581
3007294.0,2119.886087881729,167.4799802135444,47.70449115209438,2335.0773258418576
3007295.0,35198.922186611286,3972.3044752413066,863.2898726829836,40034.51653453558
3007296.0,31647.665593480913,3571.5344635110105,776.1916417799289,35995.391698771855
3007297.0,31624.057999794386,3568.870275398843,775.6126411946284,35968.54091638786
3007298.0,34139.95298410137,3852.79660849552,837.3175607137916,38830.06715331069
3007299.0,4978.432462479153,463.06837131739843,83.8688160088938,5525.625347415229
3007300.0,25391.030511370565,2026.1244863919285,280.76005858183146,27697.95927749074
3007301.0,23331.047589055943,2632.9790514246774,572.2180070155104,26536.244647496133
3007302.0,6283.423065086936,506.15471611017074,112.58324357593474,6902.348976765656
3007303.0,1698.6664111898833,127.33780417704543,20.891358497796517,1847.1442805135086
3007306.0,2483.972288540246,214.08466916780358,35.07972373806276,2733.2022510231927
3007313.0,36544.4034842273,2863.545785228531,505.0539544276694,39913.21300745751
3007314.0,9480.795913403066,858.0428119678911,144.81440038919973,10483.653125760156
3007315.0,23374.890263045207,2637.9268293472737,573.2932938167826,26586.110386209264
3007316.0,21324.402125701174,2406.5230618904648,523.0029572649713,24253.92814485661
3007317.0,41786.60976816247,3301.319168595535,940.3377697304561,46028.40008773239
3007318.0,37826.11011258332,4268.790552295342,927.7243663899917,43022.62503126866
3007319.0,10181.61790566058,1149.0262729475428,249.7146810031549,11580.358859611279
3007330.0,66118.12488919367,7461.629705576872,1621.6152106879272,75201.36980545847
3007333.0,9851.111594049205,1111.7276393772017,241.60867280894846,11204.447906235355
3007336.0,51883.09530179729,3608.4080054005185,512.6856613776276,56004.32235888672
3007337.0,6428.235294117647,481.88235294117646,79.05882352941177,6990.117647058823
3007338.0,36827.846150981626,4156.133454980843,903.2409130687153,41887.22051903119
3007339.0,15436.292817063657,1073.5759354910633,152.5345769387983,16662.44301586712
3007340.0,12737.759182680613,1152.8085623935783,194.56288007783994,14085.130625152031
3007343.0,89033.29939429976,6192.160826427857,879.78744751217,96105.47657091898
3007344.0,34200.65822500958,3859.647377926807,838.8064193617071,38899.1120222981
3007345.0,24744.130696863755,2792.4497398529716,606.8753277642091,28143.455764480936
3007362.0,18892.81997598893,2132.1116863372426,463.3658969790241,21488.297559305196
3007363.0,7774.864976106921,614.2472653625027,174.96033375643992,8564.097392294481
3007364.0,4609.399812414735,397.26765006821284,65.09592428376536,5071.885061391542
3007365.0,27307.240868543795,3081.704449173983,669.7382484539733,31058.683566171752
3007380.0,22141.958223336052,1734.9992092361222,306.00810228834905,24183.0926410297
3007381.0,31954.56431140576,3606.1689089691845,783.7186493888348,36344.451869763776
3007382.0,26349.447067547564,2973.6145314803416,646.2473675646403,29969.308966592547
3007383.0,36277.377571503304,2842.622173019137,501.3635810654631,39621.571576296556
3007384.0,22551.99699740056,2545.0608437231595,553.1109877005952,25650.168828824317
3007385.0,45609.87100236955,5147.211432707045,1118.6291308004859,51875.711565877085
3007386.0,37704.699630766896,4255.089013432768,924.7466490941607,42884.535293293826
3007387.0,54206.40761764905,6117.356503837646,1329.4680582191813,61653.232179705876
3007388.0,42483.55109559666,4794.396806995759,1041.9529104328394,48319.90081302526
3007391.0,20013.831593507177,1597.0409015092957,221.30194865953376,21832.209299865746
3007392.0,23503.586889759612,1467.837763422641,147.11437043312506,25119.64100391825
3007393.0,1880.1400984766883,151.45276196337895,33.6874134482228,2065.3365133097395
3007394.0,12616.572568756617,1423.8182468025032,309.43445565843075,14349.82527121755
3007395.0,23749.239248645845,2680.173240840211,582.4745888122613,27011.887078298318
3007396.0,8596.536615279503,970.1450711306018,210.83892741869553,9777.5206138288
3007397.0,50933.98491323252,3542.3984987551567,503.3069748430011,54979.82133699975
3007398.0,24818.325991307123,2800.822902491211,608.6950438894391,28227.843937687772
3007399.0,19165.993560075876,2162.940148778034,470.0657608946437,21798.999469748556
3007403.0,23496.30074486163,2651.628368209848,576.2710111126135,26724.20012418409
3007404.0,59939.68037009125,6764.37361679254,1470.0824860778641,68174.13647296165
3007405.0,15573.121798700811,1230.342585679086,350.4470618980064,17153.96115508101
3007408.0,15366.615456674474,1593.4632318501172,633.3639344262295,17593.44262295082
3007410.0,72734.99614818871,8208.363573587167,1783.9008033107125,82727.26052508659
3007411.0,32426.70520320572,2587.54922907937,358.5566819901549,35372.86758878808
3007412.0,3640.8771274589712,285.29179187094735,50.31794790690884,3976.5077677344007
3007413.0,13860.500767394271,1194.586886084584,195.74394611186904,15251.197476125513
3007417.0,33010.16100053188,3725.2961774132323,809.6082469886983,37545.06542493381
3007418.0,16262.259536633095,1835.2450109814677,398.84868890268723,18496.35323651725
3007419.0,36085.89320654793,4072.401828598446,885.0437518164152,41043.33878696279
3007421.0,42344.85750783124,3378.9866319515068,468.2261584150359,46192.14404621455
3007424.0,40900.64358246845,3231.3240872097363,920.4005823937878,45052.49880534608
3007425.0,35741.8968414014,4033.580801821153,876.6068861448942,40652.08452936745
3007426.0,17716.95738390978,1388.2650640518739,244.8533437146437,19350.17749607659
3007427.0,52762.97188938713,5954.460430693708,1294.0663081465245,60011.49862822737
3007430.0,19887.07273811117,1558.3109283567926,274.84494945193984,21720.342777892674
3007431.0,16617.460078922744,1326.0211220048002,183.74673935153163,18127.256881331108
3007432.0,8627.128834355826,804.2068361086765,235.90067192521178,9668.576687116563
3008001.0,3043.1023146595107,106.89332438778935,24.500167728950018,3174.677289500168
3008002.0,4174.403221407874,459.7183910005113,112.50398840974944,4746.645730356229
3008003.0,3372.1623616236166,118.45202952029521,27.149446494464947,3517.964944649447
3008005.0,32487.276811186566,2559.7800056254273,529.1714951581147,35577.04809740025
3008006.0,13219.532640190897,1455.8397818305777,356.2785069030168,15031.714675302537
3008007.0,6960.611662718613,402.075046620634,650.625018900257,8013.311728239503
3008008.0,15464.338127681049,874.2606106484986,246.22599041130456,16585.022659601313
3008009.0,1653.4884736714394,91.64887163309878,17.199041494782826,1762.3958990536282
3008010.0,1515.9261992619927,53.24907749077491,12.20479704797048,1581.470479704797
3008011.0,8882.198407838334,634.2758726270667,129.32486221677894,9645.966013472138
3008012.0,1280.9900509585054,71.0021839359379,13.324435816549384,1365.3627760252368
3008013.0,36366.63313356165,2150.047089041096,1134.1284246575344,39652.521832191786
3008014.0,3457.4157483684608,193.85257301808068,49.59773189258586,3701.0281373702796
3008015.0,7621.022782979066,600.4855948888978,124.13561297062724,8345.836300076346
3008016.0,26392.101806239734,2122.1839080459768,800.8455222937981,29315.257294429706
3008017.0,4268.496144347564,246.56680610856313,398.9865430169851,4914.049493473112
3008019.0,36449.14988921084,4014.0694733253795,982.3379580705641,41445.733083347535
3008020.0,6143.755192281925,416.0233820179553,127.74788958863729,6687.642704006433
3008021.0,3178.526035260353,236.4097478474785,145.83825338253385,3560.884020090202
3008022.0,2041.010660106601,151.80458179581797,93.64637146371464,2286.532236572366
3008025.0,16545.33545621556,1181.4988364972444,240.90018371096144,17968.045315370488
3008026.0,19468.766251917503,2144.0549514232143,524.7010738026248,22137.61615817283
3008027.0,13919.390250553944,1532.913652633373,375.14031020964717,15827.511334583261
3008028.0,9883.793555792407,571.8614413380338,259.9908174141182,10715.84307616627
3008029.0,9082.842690606994,615.0432131850463,188.8607128500603,9886.918464424494
3008032.0,13140.261101674352,728.3329289007523,136.68066003397234,14005.747634069401
3008037.0,4245.871165644171,395.79316389132333,116.09932807478818,4758.423312883435
3008038.0,19761.609912070344,1599.8273381294964,371.8896882494005,21733.91167066347
3008039.0,4465.288355889053,302.3662736165081,92.84731341283667,4860.586426370092
3008040.0,7132.837244511733,403.2476911430734,113.57032551097652,7649.746555639666
3008041.0,15631.949569495697,1162.6600553505536,717.2306273062732,17512.3811500615
3008042.0,8697.456423032105,685.3013621569494,141.66918471491138,9524.646441917466
3008052.0,5369.109647179137,591.2889381285154,144.70242031702742,6105.126896199079
3008053.0,8264.470350744386,467.22341660358313,131.58839263184456,8863.387938430482
3008054.0,4544.966118752097,159.64844012076483,36.591747735659176,4741.477356591748
3008055.0,7821.718260168338,451.8162895015372,731.1147119600827,9004.649261629958
3008056.0,3729.0392875404805,410.67138230782336,100.50102266916652,4240.229674450315
3008062.0,3018.562935629356,224.51214637146373,138.4987699876999,3381.6783005330053
3008063.0,20552.29602296023,1528.6214637146372,942.9876998769988,23024.61633866339
3008064.0,7868.045121951221,567.8593495934961,138.94430894308945,8575.280284552848
3008065.0,2700.936159475145,152.6946757506939,43.00479434771637,2896.670199343931
3008066.0,872.5905675459632,70.64172661870504,16.421103117505996,959.6792166266986
3008072.0,22842.73263931415,1631.1946111451318,332.5903245560319,24806.94672382119
3008073.0,11784.0,643.0,124.0,12551.0
3008081.0,9207.72260098858,1014.027441622635,248.15655360490882,10469.950997102438
3008086.0,4438.122053431116,285.80081194342586,49.81338397066527,4773.7362493452065
3008089.0,7588.86004772456,835.7454576444519,204.5267257542185,8629.168825634906
3008090.0,4957.733496631967,354.0306797305573,72.18462951622782,5384.041947336192
3008091.0,3692.3570061517426,345.87703349282293,74.64388243335611,4113.040191387559
3008092.0,1999.6725930895675,70.24136195907414,16.099463267359948,2086.1326735994635
3008093.0,29828.0,2639.0,457.0,32926.0
3008095.0,55462.70349519118,4459.745484400656,1682.9678088742126,61605.68169761272
3008096.0,3955.3743802760287,267.8375318236634,82.24460672651749,4305.531354683104
3008100.0,14537.951269814215,1601.034498039884,391.8110959604568,16530.86696778592
3008101.0,2902.762562370848,167.67612519530266,271.32815886296055,3341.7668464291114
3008102.0,994.13933996857,64.0193818753274,11.15819800942902,1069.3169198533265
3008103.0,2292.170412613217,80.51576652130157,18.45437772559544,2391.277255954378
3008104.0,7842.693035670955,434.7015287551566,81.57710507158458,8359.253943217667
3008106.0,9462.540329972504,316.7913840513291,127.26590284142989,9907.513198900093
3008107.0,872.4596700274979,29.20861594867095,11.73409715857012,913.4868010999085
3008108.0,15555.917325472332,1053.3664076108805,323.45618384027875,16933.034235562107
3008109.0,20408.82563714358,1153.7921776431997,324.95301539237954,21887.832046429474
3008110.0,9315.598821419422,681.7975403535743,440.8308993082245,10438.331847296953
3008111.0,27742.051593201268,2185.8880138224777,451.8785309599389,30380.51818218347
3008114.0,5650.433345093494,326.3934781513029,528.1595181694471,6504.986341414244
3008118.0,8357.132983845084,468.57301808066757,119.88573873970257,8945.983524125388
3008119.0,19718.291383126998,1140.8707059112896,518.6849225219316,21378.240550955154
3008120.0,12051.360544217685,969.0476190476189,365.68812140240703,13386.153846153844
3008121.0,18323.978025301145,1058.4722544226602,1712.7860490902676,21095.236328814073
3008122.0,6142.360921948664,395.5483237297014,68.94172341540073,6606.850969093766
3008123.0,6912.030784759021,390.76462276053496,110.05460509714862,7412.9384809487765
3008124.0,5457.067945643485,441.78417266187046,102.69544364508393,6001.709032773781
3008125.0,13377.654776547766,994.9920049200492,613.7982779827798,14986.907954079541
3008132.0,8127.471951219512,586.5829268292683,143.52560975609757,8858.026219512196
3008134.0,39411.17351286858,4340.271007329128,1062.1672064087265,44813.801772626546
3008135.0,28704.765928072266,3161.196488835861,773.6197204704278,32639.720555650245
3008136.0,6088.366866438357,359.9529109589041,189.87157534246575,6638.478167808219
3008137.0,5550.122178239007,311.1877607788595,79.61827324275168,5941.1884026960515
3008138.0,2297.5123572524285,253.0202829384694,61.92006136014999,2612.4637804670188
3008140.0,63660.65095003518,5118.940886699507,1931.727440047637,70711.62334217507
3008141.0,4373.37768465165,281.63148245154537,49.086694604504984,4704.095861707701
3008142.0,6040.596003197441,489.02446043165463,113.67673860911269,6643.4759392486
3008143.0,3866.567338024752,214.31448677505466,40.21875758311091,4121.23974763407
3008144.0,2238.4829268292683,161.55772357723578,39.53008130081301,2439.6934959349596
3008145.0,1664.1355715427658,134.72230215827338,31.317026378896884,1830.22414068745
3008146.0,20502.915061080592,1186.2678527506764,539.3242600639501,22228.916372878575
3008150.0,2710.192389600996,213.54502350624824,44.14517619640776,2967.9509784224692
3008151.0,3966.3290895474483,222.38664812239222,56.89825612495988,4245.799935808281
3008152.0,17510.362420830403,1408.0049261083743,531.3368158934661,19449.787798408488
3008153.0,13650.822055473669,924.3631917459467,283.84329358166957,14859.286814953772
3008154.0,9299.623095278675,1024.1482529401737,250.63335605931476,10574.449548321116
3008160.0,34287.820783485804,2757.077175697865,1040.4342914884785,38085.496021220155
